Period,EMR Capital Expenditures (Quarterly),EMR Gross Profit Margin (Quarterly),EMR Operating Margin (TTM),EMR Price,EMR Revenue (Quarterly)
2016-02-19 00:00:00,,,,48.05,
2016-02-18 00:00:00,,,,48.34,
2016-02-17 00:00:00,,,,47.76,
2016-02-16 00:00:00,,,,46.62,
2016-02-12 00:00:00,,,,46.02,
2016-02-11 00:00:00,,,,45.43,
2016-02-10 00:00:00,,,,45.77,
2016-02-09 00:00:00,,,,46.91,
2016-02-08 00:00:00,,,,47.06,
2016-02-05 00:00:00,,,,46.91,
2016-02-04 00:00:00,,,,46.87,
2016-02-03 00:00:00,,,,46.09,
2016-02-02 00:00:00,,,,45.84,
2016-02-01 00:00:00,,,,45.5,
2016-01-29 00:00:00,,,,45.98,
2016-01-28 00:00:00,,,,44.6,
2016-01-27 00:00:00,,,,43.38,
2016-01-26 00:00:00,,,,43.1,
2016-01-25 00:00:00,,,,42.29,
2016-01-22 00:00:00,,,,43.17,
2016-01-21 00:00:00,,,,42.94,
2016-01-20 00:00:00,,,,42.64,
2016-01-19 00:00:00,,,,43.14,
2016-01-15 00:00:00,,,,43.09,
2016-01-14 00:00:00,,,,43.83,
2016-01-13 00:00:00,,,,43.26,
2016-01-12 00:00:00,,,,44.22,
2016-01-11 00:00:00,,,,43.8,
2016-01-08 00:00:00,,,,44.1,
2016-01-07 00:00:00,,,,44.61,
2016-01-06 00:00:00,,,,46.45,
2016-01-05 00:00:00,,,,46.99,
2016-01-04 00:00:00,,,,47.3,
2015-12-31 00:00:00,145.0,40.0806,17.4895,47.83,4713.0
2015-12-30 00:00:00,,,,48.53,
2015-12-29 00:00:00,,,,48.49,
2015-12-28 00:00:00,,,,48.26,
2015-12-24 00:00:00,,,,48.26,
2015-12-23 00:00:00,,,,48.33,
2015-12-22 00:00:00,,,,46.85,
2015-12-21 00:00:00,,,,45.88,
2015-12-18 00:00:00,,,,44.59,
2015-12-17 00:00:00,,,,45.0,
2015-12-16 00:00:00,,,,46.1,
2015-12-15 00:00:00,,,,45.22,
2015-12-14 00:00:00,,,,44.99,
2015-12-11 00:00:00,,,,45.48,
2015-12-10 00:00:00,,,,46.97,
2015-12-09 00:00:00,,,,47.14,
2015-12-08 00:00:00,,,,47.28,
2015-12-07 00:00:00,,,,48.51,
2015-12-04 00:00:00,,,,49.17,
2015-12-03 00:00:00,,,,48.58,
2015-12-02 00:00:00,,,,48.91,
2015-12-01 00:00:00,,,,49.62,
2015-11-30 00:00:00,,,,50.0,
2015-11-27 00:00:00,,,,50.29,
2015-11-25 00:00:00,,,,50.24,
2015-11-24 00:00:00,,,,50.07,
2015-11-23 00:00:00,,,,50.02,
2015-11-20 00:00:00,,,,50.16,
2015-11-19 00:00:00,,,,50.14,
2015-11-18 00:00:00,,,,50.01,
2015-11-17 00:00:00,,,,48.68,
2015-11-16 00:00:00,,,,48.85,
2015-11-13 00:00:00,,,,47.69,
2015-11-12 00:00:00,,,,47.25,
2015-11-11 00:00:00,,,,47.97,
2015-11-10 00:00:00,,,,47.79,
2015-11-09 00:00:00,,,,48.32,
2015-11-06 00:00:00,,,,49.23,
2015-11-05 00:00:00,,,,49.15,
2015-11-04 00:00:00,,,,49.68,
2015-11-03 00:00:00,,,,49.64,
2015-11-02 00:00:00,,,,48.35,
2015-10-30 00:00:00,,,,47.23,
2015-10-29 00:00:00,,,,47.18,
2015-10-28 00:00:00,,,,47.41,
2015-10-27 00:00:00,,,,46.89,
2015-10-26 00:00:00,,,,48.01,
2015-10-23 00:00:00,,,,48.18,
2015-10-22 00:00:00,,,,47.78,
2015-10-21 00:00:00,,,,46.29,
2015-10-20 00:00:00,,,,46.12,
2015-10-19 00:00:00,,,,45.48,
2015-10-16 00:00:00,,,,45.27,
2015-10-15 00:00:00,,,,46.82,
2015-10-14 00:00:00,,,,46.27,
2015-10-13 00:00:00,,,,46.49,
2015-10-12 00:00:00,,,,46.95,
2015-10-09 00:00:00,,,,47.15,
2015-10-08 00:00:00,,,,47.52,
2015-10-07 00:00:00,,,,46.35,
2015-10-06 00:00:00,,,,46.2,
2015-10-05 00:00:00,,,,46.02,
2015-10-02 00:00:00,,,,44.19,
2015-10-01 00:00:00,,,,42.78,
2015-09-30 00:00:00,169.0,40.7293,17.7367,44.17,5814.0
2015-09-29 00:00:00,,,,43.46,
2015-09-28 00:00:00,,,,43.04,
2015-09-25 00:00:00,,,,43.78,
2015-09-24 00:00:00,,,,43.66,
2015-09-23 00:00:00,,,,43.67,
2015-09-22 00:00:00,,,,44.65,
2015-09-21 00:00:00,,,,45.12,
2015-09-18 00:00:00,,,,45.11,
2015-09-17 00:00:00,,,,46.85,
2015-09-16 00:00:00,,,,47.06,
2015-09-15 00:00:00,,,,46.32,
2015-09-14 00:00:00,,,,45.52,
2015-09-11 00:00:00,,,,46.04,
2015-09-10 00:00:00,,,,46.37,
2015-09-09 00:00:00,,,,46.52,
2015-09-08 00:00:00,,,,46.85,
2015-09-04 00:00:00,,,,45.82,
2015-09-03 00:00:00,,,,46.43,
2015-09-02 00:00:00,,,,46.79,
2015-09-01 00:00:00,,,,46.27,
2015-08-31 00:00:00,,,,47.72,
2015-08-28 00:00:00,,,,48.05,
2015-08-27 00:00:00,,,,47.64,
2015-08-26 00:00:00,,,,46.41,
2015-08-25 00:00:00,,,,45.16,
2015-08-24 00:00:00,,,,46.36,
2015-08-21 00:00:00,,,,47.96,
2015-08-20 00:00:00,,,,49.07,
2015-08-19 00:00:00,,,,49.73,
2015-08-18 00:00:00,,,,50.11,
2015-08-17 00:00:00,,,,50.34,
2015-08-14 00:00:00,,,,49.6,
2015-08-13 00:00:00,,,,49.41,
2015-08-12 00:00:00,,,,49.08,
2015-08-11 00:00:00,,,,48.93,
2015-08-10 00:00:00,,,,50.02,
2015-08-07 00:00:00,,,,49.19,
2015-08-06 00:00:00,,,,49.74,
2015-08-05 00:00:00,,,,49.91,
2015-08-04 00:00:00,,,,49.64,
2015-08-03 00:00:00,,,,51.33,
2015-07-31 00:00:00,,,,51.75,
2015-07-30 00:00:00,,,,51.98,
2015-07-29 00:00:00,,,,52.21,
2015-07-28 00:00:00,,,,51.8,
2015-07-27 00:00:00,,,,50.46,
2015-07-24 00:00:00,,,,50.68,
2015-07-23 00:00:00,,,,51.52,
2015-07-22 00:00:00,,,,51.76,
2015-07-21 00:00:00,,,,52.14,
2015-07-20 00:00:00,,,,52.74,
2015-07-17 00:00:00,,,,52.59,
2015-07-16 00:00:00,,,,53.37,
2015-07-15 00:00:00,,,,53.48,
2015-07-14 00:00:00,,,,54.2,
2015-07-13 00:00:00,,,,54.3,
2015-07-10 00:00:00,,,,53.83,
2015-07-09 00:00:00,,,,53.76,
2015-07-08 00:00:00,,,,53.98,
2015-07-07 00:00:00,,,,55.05,
2015-07-06 00:00:00,,,,55.26,
2015-07-02 00:00:00,,,,55.86,
2015-07-01 00:00:00,,,,55.45,
2015-06-30 00:00:00,157.0,40.596,18.0925,55.43,5503.0
2015-06-29 00:00:00,,,,55.56,
2015-06-26 00:00:00,,,,56.58,
2015-06-25 00:00:00,,,,56.62,
2015-06-24 00:00:00,,,,57.49,
2015-06-23 00:00:00,,,,57.88,
2015-06-22 00:00:00,,,,58.26,
2015-06-19 00:00:00,,,,58.11,
2015-06-18 00:00:00,,,,58.75,
2015-06-17 00:00:00,,,,58.35,
2015-06-16 00:00:00,,,,58.61,
2015-06-15 00:00:00,,,,58.7,
2015-06-12 00:00:00,,,,59.63,
2015-06-11 00:00:00,,,,60.14,
2015-06-10 00:00:00,,,,59.77,
2015-06-09 00:00:00,,,,59.18,
2015-06-08 00:00:00,,,,59.12,
2015-06-05 00:00:00,,,,59.21,
2015-06-04 00:00:00,,,,58.92,
2015-06-03 00:00:00,,,,60.34,
2015-06-02 00:00:00,,,,60.3,
2015-06-01 00:00:00,,,,60.24,
2015-05-29 00:00:00,,,,60.31,
2015-05-28 00:00:00,,,,61.02,
2015-05-27 00:00:00,,,,60.95,
2015-05-26 00:00:00,,,,60.83,
2015-05-22 00:00:00,,,,61.78,
2015-05-21 00:00:00,,,,61.72,
2015-05-20 00:00:00,,,,60.13,
2015-05-19 00:00:00,,,,59.9,
2015-05-18 00:00:00,,,,60.2,
2015-05-15 00:00:00,,,,60.19,
2015-05-14 00:00:00,,,,60.53,
2015-05-13 00:00:00,,,,60.34,
2015-05-12 00:00:00,,,,60.18,
2015-05-11 00:00:00,,,,59.3,
2015-05-08 00:00:00,,,,58.79,
2015-05-07 00:00:00,,,,58.1,
2015-05-06 00:00:00,,,,58.22,
2015-05-05 00:00:00,,,,58.4,
2015-05-04 00:00:00,,,,59.49,
2015-05-01 00:00:00,,,,59.33,
2015-04-30 00:00:00,,,,58.83,
2015-04-29 00:00:00,,,,59.09,
2015-04-28 00:00:00,,,,58.66,
2015-04-27 00:00:00,,,,58.46,
2015-04-24 00:00:00,,,,57.65,
2015-04-23 00:00:00,,,,58.21,
2015-04-22 00:00:00,,,,58.15,
2015-04-21 00:00:00,,,,58.22,
2015-04-20 00:00:00,,,,58.7,
2015-04-17 00:00:00,,,,58.43,
2015-04-16 00:00:00,,,,58.91,
2015-04-15 00:00:00,,,,59.16,
2015-04-14 00:00:00,,,,58.33,
2015-04-13 00:00:00,,,,58.4,
2015-04-10 00:00:00,,,,56.85,
2015-04-09 00:00:00,,,,56.72,
2015-04-08 00:00:00,,,,56.74,
2015-04-07 00:00:00,,,,56.47,
2015-04-06 00:00:00,,,,56.99,
2015-04-02 00:00:00,,,,55.54,
2015-04-01 00:00:00,,,,55.89,
2015-03-31 00:00:00,152.0,40.1111,18.6551,56.62,5400.0
2015-03-30 00:00:00,,,,56.59,
2015-03-27 00:00:00,,,,56.54,
2015-03-26 00:00:00,,,,56.47,
2015-03-25 00:00:00,,,,56.6,
2015-03-24 00:00:00,,,,56.81,
2015-03-23 00:00:00,,,,56.93,
2015-03-20 00:00:00,,,,56.69,
2015-03-19 00:00:00,,,,56.27,
2015-03-18 00:00:00,,,,56.78,
2015-03-17 00:00:00,,,,55.69,
2015-03-16 00:00:00,,,,56.23,
2015-03-13 00:00:00,,,,55.26,
2015-03-12 00:00:00,,,,56.05,
2015-03-11 00:00:00,,,,55.51,
2015-03-10 00:00:00,,,,56.09,
2015-03-09 00:00:00,,,,57.1,
2015-03-06 00:00:00,,,,56.56,
2015-03-05 00:00:00,,,,58.08,
2015-03-04 00:00:00,,,,57.78,
2015-03-03 00:00:00,,,,58.38,
2015-03-02 00:00:00,,,,58.33,
2015-02-27 00:00:00,,,,57.92,
2015-02-26 00:00:00,,,,57.94,
2015-02-25 00:00:00,,,,58.3,
2015-02-24 00:00:00,,,,58.55,
2015-02-23 00:00:00,,,,58.74,
2015-02-20 00:00:00,,,,58.67,
2015-02-19 00:00:00,,,,58.69,
2015-02-18 00:00:00,,,,58.85,
2015-02-17 00:00:00,,,,58.3,
2015-02-13 00:00:00,,,,58.68,
2015-02-12 00:00:00,,,,58.6,
2015-02-11 00:00:00,,,,57.69,
2015-02-10 00:00:00,,,,58.04,
2015-02-09 00:00:00,,,,57.35,
2015-02-06 00:00:00,,,,57.03,
2015-02-05 00:00:00,,,,57.15,
2015-02-04 00:00:00,,,,57.33,
2015-02-03 00:00:00,,,,59.44,
2015-02-02 00:00:00,,,,58.97,
2015-01-30 00:00:00,,,,56.94,
2015-01-29 00:00:00,,,,56.88,
2015-01-28 00:00:00,,,,56.23,
2015-01-27 00:00:00,,,,57.3,
2015-01-26 00:00:00,,,,59.43,
2015-01-23 00:00:00,,,,58.12,
2015-01-22 00:00:00,,,,59.81,
2015-01-21 00:00:00,,,,60.98,
2015-01-20 00:00:00,,,,60.48,
2015-01-16 00:00:00,,,,60.35,
2015-01-15 00:00:00,,,,59.38,
2015-01-14 00:00:00,,,,59.62,
2015-01-13 00:00:00,,,,60.08,
2015-01-12 00:00:00,,,,60.17,
2015-01-09 00:00:00,,,,60.9,
2015-01-08 00:00:00,,,,61.87,
2015-01-07 00:00:00,,,,60.29,
2015-01-06 00:00:00,,,,60.42,
2015-01-05 00:00:00,,,,60.52,
2015-01-02 00:00:00,,,,61.79,
2014-12-31 00:00:00,207.0,40.809,18.9453,61.73,5587.0
2014-12-30 00:00:00,,,,62.37,
2014-12-29 00:00:00,,,,62.61,
2014-12-26 00:00:00,,,,62.78,
2014-12-24 00:00:00,,,,62.73,
2014-12-23 00:00:00,,,,62.83,
2014-12-22 00:00:00,,,,62.6,
2014-12-19 00:00:00,,,,62.33,
2014-12-18 00:00:00,,,,62.0,
2014-12-17 00:00:00,,,,59.74,
2014-12-16 00:00:00,,,,59.21,
2014-12-15 00:00:00,,,,58.15,
2014-12-12 00:00:00,,,,58.43,
2014-12-11 00:00:00,,,,61.32,
2014-12-10 00:00:00,,,,61.45,
2014-12-09 00:00:00,,,,63.63,
2014-12-08 00:00:00,,,,63.61,
2014-12-05 00:00:00,,,,64.88,
2014-12-04 00:00:00,,,,64.56,
2014-12-03 00:00:00,,,,64.48,
2014-12-02 00:00:00,,,,63.54,
2014-12-01 00:00:00,,,,62.81,
2014-11-28 00:00:00,,,,63.75,
2014-11-26 00:00:00,,,,65.38,
2014-11-25 00:00:00,,,,65.7,
2014-11-24 00:00:00,,,,65.77,
2014-11-21 00:00:00,,,,65.59,
2014-11-20 00:00:00,,,,64.21,
2014-11-19 00:00:00,,,,64.15,
2014-11-18 00:00:00,,,,64.04,
2014-11-17 00:00:00,,,,63.74,
2014-11-14 00:00:00,,,,63.62,
2014-11-13 00:00:00,,,,63.52,
2014-11-12 00:00:00,,,,64.05,
2014-11-11 00:00:00,,,,64.56,
2014-11-10 00:00:00,,,,65.11,
2014-11-07 00:00:00,,,,64.86,
2014-11-06 00:00:00,,,,64.67,
2014-11-05 00:00:00,,,,64.41,
2014-11-04 00:00:00,,,,64.19,
2014-11-03 00:00:00,,,,64.51,
2014-10-31 00:00:00,,,,64.06,
2014-10-30 00:00:00,,,,63.42,
2014-10-29 00:00:00,,,,63.3,
2014-10-28 00:00:00,,,,63.38,
2014-10-27 00:00:00,,,,62.27,
2014-10-24 00:00:00,,,,62.39,
2014-10-23 00:00:00,,,,62.05,
2014-10-22 00:00:00,,,,60.95,
2014-10-21 00:00:00,,,,62.96,
2014-10-20 00:00:00,,,,61.23,
2014-10-17 00:00:00,,,,61.22,
2014-10-16 00:00:00,,,,60.47,
2014-10-15 00:00:00,,,,59.35,
2014-10-14 00:00:00,,,,59.17,
2014-10-13 00:00:00,,,,58.67,
2014-10-10 00:00:00,,,,59.43,
2014-10-09 00:00:00,,,,59.66,
2014-10-08 00:00:00,,,,61.82,
2014-10-07 00:00:00,,,,61.0,
2014-10-06 00:00:00,,,,62.46,
2014-10-03 00:00:00,,,,62.42,
2014-10-02 00:00:00,,,,62.14,
2014-10-01 00:00:00,,,,61.4,
2014-09-30 00:00:00,194.0,42.4416,18.4293,62.58,6807.0
2014-09-29 00:00:00,,,,62.67,
2014-09-26 00:00:00,,,,63.04,
2014-09-25 00:00:00,,,,62.41,
2014-09-24 00:00:00,,,,64.21,
2014-09-23 00:00:00,,,,63.5,
2014-09-22 00:00:00,,,,64.25,
2014-09-19 00:00:00,,,,65.0,
2014-09-18 00:00:00,,,,64.74,
2014-09-17 00:00:00,,,,64.53,
2014-09-16 00:00:00,,,,64.41,
2014-09-15 00:00:00,,,,64.3,
2014-09-12 00:00:00,,,,64.49,
2014-09-11 00:00:00,,,,64.66,
2014-09-10 00:00:00,,,,65.01,
2014-09-09 00:00:00,,,,65.11,
2014-09-08 00:00:00,,,,64.98,
2014-09-05 00:00:00,,,,65.08,
2014-09-04 00:00:00,,,,64.64,
2014-09-03 00:00:00,,,,64.29,
2014-09-02 00:00:00,,,,64.31,
2014-08-29 00:00:00,,,,64.02,
2014-08-28 00:00:00,,,,64.26,
2014-08-27 00:00:00,,,,64.4,
2014-08-26 00:00:00,,,,64.34,
2014-08-25 00:00:00,,,,64.75,
2014-08-22 00:00:00,,,,64.6,
2014-08-21 00:00:00,,,,64.56,
2014-08-20 00:00:00,,,,64.48,
2014-08-19 00:00:00,,,,63.93,
2014-08-18 00:00:00,,,,63.82,
2014-08-15 00:00:00,,,,62.97,
2014-08-14 00:00:00,,,,62.95,
2014-08-13 00:00:00,,,,63.05,
2014-08-12 00:00:00,,,,62.67,
2014-08-11 00:00:00,,,,62.58,
2014-08-08 00:00:00,,,,62.8,
2014-08-07 00:00:00,,,,61.79,
2014-08-06 00:00:00,,,,61.85,
2014-08-05 00:00:00,,,,62.84,
2014-08-04 00:00:00,,,,63.99,
2014-08-01 00:00:00,,,,63.4,
2014-07-31 00:00:00,,,,63.65,
2014-07-30 00:00:00,,,,65.21,
2014-07-29 00:00:00,,,,66.1,
2014-07-28 00:00:00,,,,67.08,
2014-07-25 00:00:00,,,,67.43,
2014-07-24 00:00:00,,,,67.05,
2014-07-23 00:00:00,,,,67.02,
2014-07-22 00:00:00,,,,67.42,
2014-07-21 00:00:00,,,,67.36,
2014-07-18 00:00:00,,,,67.39,
2014-07-17 00:00:00,,,,66.98,
2014-07-16 00:00:00,,,,67.99,
2014-07-15 00:00:00,,,,67.5,
2014-07-14 00:00:00,,,,67.26,
2014-07-11 00:00:00,,,,67.1,
2014-07-10 00:00:00,,,,67.2,
2014-07-09 00:00:00,,,,67.7,
2014-07-08 00:00:00,,,,67.83,
2014-07-07 00:00:00,,,,67.65,
2014-07-03 00:00:00,,,,67.37,
2014-07-02 00:00:00,,,,66.64,
2014-07-01 00:00:00,,,,66.55,
2014-06-30 00:00:00,176.0,41.7934,16.8283,66.36,6312.0
2014-06-27 00:00:00,,,,66.92,
2014-06-26 00:00:00,,,,66.73,
2014-06-25 00:00:00,,,,67.02,
2014-06-24 00:00:00,,,,67.07,
2014-06-23 00:00:00,,,,67.81,
2014-06-20 00:00:00,,,,68.24,
2014-06-19 00:00:00,,,,67.61,
2014-06-18 00:00:00,,,,68.07,
2014-06-17 00:00:00,,,,67.24,
2014-06-16 00:00:00,,,,66.33,
2014-06-13 00:00:00,,,,66.47,
2014-06-12 00:00:00,,,,66.44,
2014-06-11 00:00:00,,,,67.25,
2014-06-10 00:00:00,,,,67.5,
2014-06-09 00:00:00,,,,68.1,
2014-06-06 00:00:00,,,,67.66,
2014-06-05 00:00:00,,,,67.39,
2014-06-04 00:00:00,,,,66.74,
2014-06-03 00:00:00,,,,66.94,
2014-06-02 00:00:00,,,,67.17,
2014-05-30 00:00:00,,,,66.73,
2014-05-29 00:00:00,,,,66.8,
2014-05-28 00:00:00,,,,66.65,
2014-05-27 00:00:00,,,,66.85,
2014-05-23 00:00:00,,,,66.5,
2014-05-22 00:00:00,,,,66.13,
2014-05-21 00:00:00,,,,65.57,
2014-05-20 00:00:00,,,,65.37,
2014-05-19 00:00:00,,,,66.73,
2014-05-16 00:00:00,,,,66.55,
2014-05-15 00:00:00,,,,66.64,
2014-05-14 00:00:00,,,,67.3,
2014-05-13 00:00:00,,,,68.28,
2014-05-12 00:00:00,,,,68.22,
2014-05-09 00:00:00,,,,67.12,
2014-05-08 00:00:00,,,,67.21,
2014-05-07 00:00:00,,,,67.2,
2014-05-06 00:00:00,,,,66.56,
2014-05-05 00:00:00,,,,67.62,
2014-05-02 00:00:00,,,,67.53,
2014-05-01 00:00:00,,,,67.99,
2014-04-30 00:00:00,,,,68.18,
2014-04-29 00:00:00,,,,68.05,
2014-04-28 00:00:00,,,,68.22,
2014-04-25 00:00:00,,,,68.44,
2014-04-24 00:00:00,,,,69.5,
2014-04-23 00:00:00,,,,69.4,
2014-04-22 00:00:00,,,,68.7,
2014-04-21 00:00:00,,,,68.59,
2014-04-17 00:00:00,,,,68.44,
2014-04-16 00:00:00,,,,67.61,
2014-04-15 00:00:00,,,,66.55,
2014-04-14 00:00:00,,,,65.37,
2014-04-11 00:00:00,,,,65.4,
2014-04-10 00:00:00,,,,66.05,
2014-04-09 00:00:00,,,,67.1,
2014-04-08 00:00:00,,,,66.66,
2014-04-07 00:00:00,,,,66.48,
2014-04-04 00:00:00,,,,67.27,
2014-04-03 00:00:00,,,,67.94,
2014-04-02 00:00:00,,,,67.84,
2014-04-01 00:00:00,,,,67.32,
2014-03-31 00:00:00,161.0,41.2078,17.0261,66.8,5812.0
2014-03-28 00:00:00,,,,66.76,
2014-03-27 00:00:00,,,,66.2,
2014-03-26 00:00:00,,,,65.74,
2014-03-25 00:00:00,,,,66.35,
2014-03-24 00:00:00,,,,65.39,
2014-03-21 00:00:00,,,,65.35,
2014-03-20 00:00:00,,,,63.59,
2014-03-19 00:00:00,,,,63.63,
2014-03-18 00:00:00,,,,63.87,
2014-03-17 00:00:00,,,,63.66,
2014-03-14 00:00:00,,,,62.56,
2014-03-13 00:00:00,,,,63.02,
2014-03-12 00:00:00,,,,64.0,
2014-03-11 00:00:00,,,,64.41,
2014-03-10 00:00:00,,,,64.93,
2014-03-07 00:00:00,,,,65.6,
2014-03-06 00:00:00,,,,65.05,
2014-03-05 00:00:00,,,,65.06,
2014-03-04 00:00:00,,,,65.12,
2014-03-03 00:00:00,,,,64.35,
2014-02-28 00:00:00,,,,65.26,
2014-02-27 00:00:00,,,,65.25,
2014-02-26 00:00:00,,,,65.23,
2014-02-25 00:00:00,,,,64.55,
2014-02-24 00:00:00,,,,64.32,
2014-02-21 00:00:00,,,,63.42,
2014-02-20 00:00:00,,,,63.56,
2014-02-19 00:00:00,,,,63.27,
2014-02-18 00:00:00,,,,63.8,
2014-02-14 00:00:00,,,,64.51,
2014-02-13 00:00:00,,,,64.54,
2014-02-12 00:00:00,,,,65.11,
2014-02-11 00:00:00,,,,64.95,
2014-02-10 00:00:00,,,,64.99,
2014-02-07 00:00:00,,,,65.19,
2014-02-06 00:00:00,,,,63.94,
2014-02-05 00:00:00,,,,63.76,
2014-02-04 00:00:00,,,,64.06,
2014-02-03 00:00:00,,,,64.25,
2014-01-31 00:00:00,,,,65.94,
2014-01-30 00:00:00,,,,66.58,
2014-01-29 00:00:00,,,,65.67,
2014-01-28 00:00:00,,,,66.34,
2014-01-27 00:00:00,,,,65.52,
2014-01-24 00:00:00,,,,65.26,
2014-01-23 00:00:00,,,,67.35,
2014-01-22 00:00:00,,,,68.96,
2014-01-21 00:00:00,,,,69.55,
2014-01-17 00:00:00,,,,69.12,
2014-01-16 00:00:00,,,,69.95,
2014-01-15 00:00:00,,,,69.78,
2014-01-14 00:00:00,,,,69.21,
2014-01-13 00:00:00,,,,68.05,
2014-01-10 00:00:00,,,,68.55,
2014-01-09 00:00:00,,,,68.27,
2014-01-08 00:00:00,,,,68.55,
2014-01-07 00:00:00,,,,68.9,
2014-01-06 00:00:00,,,,68.85,
2014-01-03 00:00:00,,,,69.37,
2014-01-02 00:00:00,,,,69.3,
2013-12-31 00:00:00,236.0,39.8858,16.9404,70.18,5606.0
2013-12-30 00:00:00,,,,70.26,
2013-12-27 00:00:00,,,,70.21,
2013-12-26 00:00:00,,,,70.1,
2013-12-24 00:00:00,,,,69.76,
2013-12-23 00:00:00,,,,69.37,
2013-12-20 00:00:00,,,,69.34,
2013-12-19 00:00:00,,,,68.66,
2013-12-18 00:00:00,,,,67.95,
2013-12-17 00:00:00,,,,66.46,
2013-12-16 00:00:00,,,,66.89,
2013-12-13 00:00:00,,,,66.2,
2013-12-12 00:00:00,,,,66.61,
2013-12-11 00:00:00,,,,66.4,
2013-12-10 00:00:00,,,,67.54,
2013-12-09 00:00:00,,,,67.64,
2013-12-06 00:00:00,,,,67.18,
2013-12-05 00:00:00,,,,66.45,
2013-12-04 00:00:00,,,,66.46,
2013-12-03 00:00:00,,,,66.7,
2013-12-02 00:00:00,,,,66.76,
2013-11-29 00:00:00,,,,66.99,
2013-11-27 00:00:00,,,,67.52,
2013-11-26 00:00:00,,,,67.24,
2013-11-25 00:00:00,,,,67.0,
2013-11-22 00:00:00,,,,68.0,
2013-11-21 00:00:00,,,,67.72,
2013-11-20 00:00:00,,,,67.09,
2013-11-19 00:00:00,,,,67.36,
2013-11-18 00:00:00,,,,67.59,
2013-11-15 00:00:00,,,,67.97,
2013-11-14 00:00:00,,,,67.21,
2013-11-13 00:00:00,,,,66.85,
2013-11-12 00:00:00,,,,66.3,
2013-11-11 00:00:00,,,,66.95,
2013-11-08 00:00:00,,,,66.97,
2013-11-07 00:00:00,,,,66.05,
2013-11-06 00:00:00,,,,67.41,
2013-11-05 00:00:00,,,,66.85,
2013-11-04 00:00:00,,,,67.37,
2013-11-01 00:00:00,,,,67.03,
2013-10-31 00:00:00,,,,66.97,
2013-10-30 00:00:00,,,,66.9,
2013-10-29 00:00:00,,,,67.39,
2013-10-28 00:00:00,,,,67.12,
2013-10-25 00:00:00,,,,67.22,
2013-10-24 00:00:00,,,,66.53,
2013-10-23 00:00:00,,,,66.47,
2013-10-22 00:00:00,,,,66.4,
2013-10-21 00:00:00,,,,65.94,
2013-10-18 00:00:00,,,,65.64,
2013-10-17 00:00:00,,,,65.21,
2013-10-16 00:00:00,,,,64.74,
2013-10-15 00:00:00,,,,64.77,
2013-10-14 00:00:00,,,,65.6,
2013-10-11 00:00:00,,,,65.35,
2013-10-10 00:00:00,,,,64.98,
2013-10-09 00:00:00,,,,63.18,
2013-10-08 00:00:00,,,,62.98,
2013-10-07 00:00:00,,,,63.72,
2013-10-04 00:00:00,,,,63.97,
2013-10-03 00:00:00,,,,63.73,
2013-10-02 00:00:00,,,,64.43,
2013-10-01 00:00:00,,,,65.07,
2013-09-30 00:00:00,241.0,41.1627,17.447,64.7,6812.0
2013-09-27 00:00:00,,,,64.9,
2013-09-26 00:00:00,,,,65.42,
2013-09-25 00:00:00,,,,64.86,
2013-09-24 00:00:00,,,,64.96,
2013-09-23 00:00:00,,,,64.96,
2013-09-20 00:00:00,,,,64.92,
2013-09-19 00:00:00,,,,66.5,
2013-09-18 00:00:00,,,,65.69,
2013-09-17 00:00:00,,,,64.89,
2013-09-16 00:00:00,,,,64.53,
2013-09-13 00:00:00,,,,64.04,
2013-09-12 00:00:00,,,,63.61,
2013-09-11 00:00:00,,,,63.59,
2013-09-10 00:00:00,,,,63.66,
2013-09-09 00:00:00,,,,62.5,
2013-09-06 00:00:00,,,,61.47,
2013-09-05 00:00:00,,,,61.67,
2013-09-04 00:00:00,,,,61.33,
2013-09-03 00:00:00,,,,60.7,
2013-08-30 00:00:00,,,,60.37,
2013-08-29 00:00:00,,,,60.61,
2013-08-28 00:00:00,,,,60.49,
2013-08-27 00:00:00,,,,60.58,
2013-08-26 00:00:00,,,,61.75,
2013-08-23 00:00:00,,,,61.96,
2013-08-22 00:00:00,,,,62.03,
2013-08-21 00:00:00,,,,60.88,
2013-08-20 00:00:00,,,,61.56,
2013-08-19 00:00:00,,,,61.12,
2013-08-16 00:00:00,,,,61.27,
2013-08-15 00:00:00,,,,60.88,
2013-08-14 00:00:00,,,,62.07,
2013-08-13 00:00:00,,,,62.41,
2013-08-12 00:00:00,,,,62.5,
2013-08-09 00:00:00,,,,61.9,
2013-08-08 00:00:00,,,,62.31,
2013-08-07 00:00:00,,,,61.64,
2013-08-06 00:00:00,,,,62.39,
2013-08-05 00:00:00,,,,62.34,
2013-08-02 00:00:00,,,,62.55,
2013-08-01 00:00:00,,,,62.55,
2013-07-31 00:00:00,,,,61.37,
2013-07-30 00:00:00,,,,60.49,
2013-07-29 00:00:00,,,,59.78,
2013-07-26 00:00:00,,,,59.8,
2013-07-25 00:00:00,,,,59.75,
2013-07-24 00:00:00,,,,60.0,
2013-07-23 00:00:00,,,,60.23,
2013-07-22 00:00:00,,,,60.26,
2013-07-19 00:00:00,,,,58.8,
2013-07-18 00:00:00,,,,57.74,
2013-07-17 00:00:00,,,,57.33,
2013-07-16 00:00:00,,,,57.21,
2013-07-15 00:00:00,,,,57.37,
2013-07-12 00:00:00,,,,57.22,
2013-07-11 00:00:00,,,,57.87,
2013-07-10 00:00:00,,,,57.1,
2013-07-09 00:00:00,,,,57.61,
2013-07-08 00:00:00,,,,56.72,
2013-07-05 00:00:00,,,,56.43,
2013-07-03 00:00:00,,,,55.19,
2013-07-02 00:00:00,,,,55.41,
2013-07-01 00:00:00,,,,55.35,
2013-06-30 00:00:00,140.0,40.4792,17.494,,6344.0
2013-06-28 00:00:00,,,,54.54,
2013-06-27 00:00:00,,,,55.39,
2013-06-26 00:00:00,,,,55.31,
2013-06-25 00:00:00,,,,54.83,
2013-06-24 00:00:00,,,,54.0,
2013-06-21 00:00:00,,,,54.76,
2013-06-20 00:00:00,,,,54.38,
2013-06-19 00:00:00,,,,56.41,
2013-06-18 00:00:00,,,,57.34,
2013-06-17 00:00:00,,,,56.56,
2013-06-14 00:00:00,,,,56.14,
2013-06-13 00:00:00,,,,56.75,
2013-06-12 00:00:00,,,,55.89,
2013-06-11 00:00:00,,,,56.43,
2013-06-10 00:00:00,,,,57.49,
2013-06-07 00:00:00,,,,57.63,
2013-06-06 00:00:00,,,,56.32,
2013-06-05 00:00:00,,,,55.95,
2013-06-04 00:00:00,,,,57.15,
2013-06-03 00:00:00,,,,57.75,
2013-05-31 00:00:00,,,,57.46,
2013-05-30 00:00:00,,,,57.81,
2013-05-29 00:00:00,,,,57.27,
2013-05-28 00:00:00,,,,57.66,
2013-05-24 00:00:00,,,,56.94,
2013-05-23 00:00:00,,,,57.14,
2013-05-22 00:00:00,,,,57.89,
2013-05-21 00:00:00,,,,58.78,
2013-05-20 00:00:00,,,,59.3,
2013-05-17 00:00:00,,,,59.36,
2013-05-16 00:00:00,,,,58.03,
2013-05-15 00:00:00,,,,58.5,
2013-05-14 00:00:00,,,,59.0,
2013-05-13 00:00:00,,,,57.82,
2013-05-10 00:00:00,,,,57.96,
2013-05-09 00:00:00,,,,57.71,
2013-05-08 00:00:00,,,,57.17,
2013-05-07 00:00:00,,,,56.56,
2013-05-06 00:00:00,,,,57.3,
2013-05-03 00:00:00,,,,56.82,
2013-05-02 00:00:00,,,,55.8,
2013-05-01 00:00:00,,,,54.3,
2013-04-30 00:00:00,,,,55.51,
2013-04-29 00:00:00,,,,55.31,
2013-04-26 00:00:00,,,,54.44,
2013-04-25 00:00:00,,,,55.39,
2013-04-24 00:00:00,,,,55.28,
2013-04-23 00:00:00,,,,54.64,
2013-04-22 00:00:00,,,,53.79,
2013-04-19 00:00:00,,,,53.48,
2013-04-18 00:00:00,,,,53.32,
2013-04-17 00:00:00,,,,53.58,
2013-04-16 00:00:00,,,,54.37,
2013-04-15 00:00:00,,,,53.59,
2013-04-12 00:00:00,,,,55.83,
2013-04-11 00:00:00,,,,56.65,
2013-04-10 00:00:00,,,,57.08,
2013-04-09 00:00:00,,,,56.53,
2013-04-08 00:00:00,,,,55.99,
2013-04-05 00:00:00,,,,55.73,
2013-04-04 00:00:00,,,,56.08,
2013-04-03 00:00:00,,,,54.93,
2013-04-02 00:00:00,,,,54.89,
2013-04-01 00:00:00,,,,55.01,
2013-03-31 00:00:00,97.0,39.8154,17.8726,,5960.0
2013-03-28 00:00:00,,,,55.87,
2013-03-27 00:00:00,,,,55.36,
2013-03-26 00:00:00,,,,55.49,
2013-03-25 00:00:00,,,,55.83,
2013-03-22 00:00:00,,,,56.79,
2013-03-21 00:00:00,,,,56.47,
2013-03-20 00:00:00,,,,57.11,
2013-03-19 00:00:00,,,,56.95,
2013-03-18 00:00:00,,,,56.93,
2013-03-15 00:00:00,,,,57.59,
2013-03-14 00:00:00,,,,57.52,
2013-03-13 00:00:00,,,,56.2,
2013-03-12 00:00:00,,,,56.82,
2013-03-11 00:00:00,,,,57.49,
2013-03-08 00:00:00,,,,57.29,
2013-03-07 00:00:00,,,,56.48,
2013-03-06 00:00:00,,,,56.36,
2013-03-05 00:00:00,,,,56.25,
2013-03-04 00:00:00,,,,55.54,
2013-03-01 00:00:00,,,,56.07,
2013-02-28 00:00:00,,,,56.7,
2013-02-27 00:00:00,,,,57.26,
2013-02-26 00:00:00,,,,56.12,
2013-02-25 00:00:00,,,,55.77,
2013-02-22 00:00:00,,,,57.27,
2013-02-21 00:00:00,,,,56.99,
2013-02-20 00:00:00,,,,57.75,
2013-02-19 00:00:00,,,,58.56,
2013-02-15 00:00:00,,,,58.29,
2013-02-14 00:00:00,,,,58.41,
2013-02-13 00:00:00,,,,58.1,
2013-02-12 00:00:00,,,,58.08,
2013-02-11 00:00:00,,,,57.73,
2013-02-08 00:00:00,,,,57.5,
2013-02-07 00:00:00,,,,57.47,
2013-02-06 00:00:00,,,,57.44,
2013-02-05 00:00:00,,,,56.91,
2013-02-04 00:00:00,,,,57.49,
2013-02-01 00:00:00,,,,58.08,
2013-01-31 00:00:00,,,,57.25,
2013-01-30 00:00:00,,,,57.21,
2013-01-29 00:00:00,,,,57.47,
2013-01-28 00:00:00,,,,57.29,
2013-01-25 00:00:00,,,,57.47,
2013-01-24 00:00:00,,,,57.27,
2013-01-23 00:00:00,,,,56.87,
2013-01-22 00:00:00,,,,56.82,
2013-01-18 00:00:00,,,,55.89,
2013-01-17 00:00:00,,,,55.35,
2013-01-16 00:00:00,,,,54.57,
2013-01-15 00:00:00,,,,55.01,
2013-01-14 00:00:00,,,,55.32,
2013-01-11 00:00:00,,,,55.04,
2013-01-10 00:00:00,,,,55.14,
2013-01-09 00:00:00,,,,54.7,
2013-01-08 00:00:00,,,,54.21,
2013-01-07 00:00:00,,,,54.7,
2013-01-04 00:00:00,,,,55.07,
2013-01-03 00:00:00,,,,54.86,
2013-01-02 00:00:00,,,,54.6,
2012-12-31 00:00:00,200.0,39.7443,18.024,52.96,5553.0
2012-12-28 00:00:00,,,,52.14,
2012-12-27 00:00:00,,,,52.67,
2012-12-26 00:00:00,,,,52.67,
2012-12-24 00:00:00,,,,52.85,
2012-12-21 00:00:00,,,,53.01,
2012-12-20 00:00:00,,,,53.25,
2012-12-19 00:00:00,,,,53.18,
2012-12-18 00:00:00,,,,53.11,
2012-12-17 00:00:00,,,,52.25,
2012-12-14 00:00:00,,,,51.75,
2012-12-13 00:00:00,,,,51.66,
2012-12-12 00:00:00,,,,51.62,
2012-12-11 00:00:00,,,,51.52,
2012-12-10 00:00:00,,,,51.23,
2012-12-07 00:00:00,,,,50.85,
2012-12-06 00:00:00,,,,50.8,
2012-12-05 00:00:00,,,,50.65,
2012-12-04 00:00:00,,,,49.74,
2012-12-03 00:00:00,,,,49.6,
2012-11-30 00:00:00,,,,50.23,
2012-11-29 00:00:00,,,,50.58,
2012-11-28 00:00:00,,,,49.97,
2012-11-27 00:00:00,,,,49.2,
2012-11-26 00:00:00,,,,48.86,
2012-11-23 00:00:00,,,,49.12,
2012-11-21 00:00:00,,,,48.55,
2012-11-20 00:00:00,,,,48.49,
2012-11-19 00:00:00,,,,48.95,
2012-11-16 00:00:00,,,,48.19,
2012-11-15 00:00:00,,,,48.14,
2012-11-14 00:00:00,,,,48.37,
2012-11-13 00:00:00,,,,49.91,
2012-11-12 00:00:00,,,,50.34,
2012-11-09 00:00:00,,,,50.15,
2012-11-08 00:00:00,,,,49.78,
2012-11-07 00:00:00,,,,50.28,
2012-11-06 00:00:00,,,,51.46,
2012-11-05 00:00:00,,,,50.5,
2012-11-02 00:00:00,,,,49.81,
2012-11-01 00:00:00,,,,50.38,
2012-10-31 00:00:00,,,,48.43,
2012-10-26 00:00:00,,,,47.84,
2012-10-25 00:00:00,,,,47.96,
2012-10-24 00:00:00,,,,47.34,
2012-10-23 00:00:00,,,,47.32,
2012-10-22 00:00:00,,,,48.22,
2012-10-19 00:00:00,,,,48.25,
2012-10-18 00:00:00,,,,49.6,
2012-10-17 00:00:00,,,,49.31,
2012-10-16 00:00:00,,,,48.88,
2012-10-15 00:00:00,,,,48.4,
2012-10-12 00:00:00,,,,48.35,
2012-10-11 00:00:00,,,,48.32,
2012-10-10 00:00:00,,,,48.29,
2012-10-09 00:00:00,,,,49.0,
2012-10-08 00:00:00,,,,49.12,
2012-10-05 00:00:00,,,,49.19,
2012-10-04 00:00:00,,,,49.05,
2012-10-03 00:00:00,,,,48.56,
2012-10-02 00:00:00,,,,48.03,
2012-10-01 00:00:00,,,,47.93,
2012-09-30 00:00:00,237.0,41.0299,17.7454,,6700.0
2012-09-28 00:00:00,,,,48.27,
2012-09-27 00:00:00,,,,48.35,
2012-09-26 00:00:00,,,,47.9,
2012-09-25 00:00:00,,,,48.3,
2012-09-24 00:00:00,,,,50.03,
2012-09-21 00:00:00,,,,50.1,
2012-09-20 00:00:00,,,,50.42,
2012-09-19 00:00:00,,,,50.56,
2012-09-18 00:00:00,,,,50.54,
2012-09-17 00:00:00,,,,50.24,
2012-09-14 00:00:00,,,,49.81,
2012-09-13 00:00:00,,,,49.97,
2012-09-12 00:00:00,,,,49.42,
2012-09-11 00:00:00,,,,49.42,
2012-09-10 00:00:00,,,,49.77,
2012-09-07 00:00:00,,,,49.8,
2012-09-06 00:00:00,,,,49.98,
2012-09-05 00:00:00,,,,49.0,
2012-09-04 00:00:00,,,,49.84,
2012-08-31 00:00:00,,,,50.72,
2012-08-30 00:00:00,,,,50.74,
2012-08-29 00:00:00,,,,51.54,
2012-08-28 00:00:00,,,,51.58,
2012-08-27 00:00:00,,,,51.6,
2012-08-24 00:00:00,,,,51.72,
2012-08-23 00:00:00,,,,51.47,
2012-08-22 00:00:00,,,,51.66,
2012-08-21 00:00:00,,,,52.31,
2012-08-20 00:00:00,,,,52.24,
2012-08-17 00:00:00,,,,52.3,
2012-08-16 00:00:00,,,,52.09,
2012-08-15 00:00:00,,,,51.52,
2012-08-14 00:00:00,,,,51.81,
2012-08-13 00:00:00,,,,51.15,
2012-08-10 00:00:00,,,,51.25,
2012-08-09 00:00:00,,,,50.3,
2012-08-08 00:00:00,,,,49.98,
2012-08-07 00:00:00,,,,49.79,
2012-08-06 00:00:00,,,,48.94,
2012-08-03 00:00:00,,,,48.5,
2012-08-02 00:00:00,,,,47.41,
2012-08-01 00:00:00,,,,47.5,
2012-07-31 00:00:00,,,,47.77,
2012-07-30 00:00:00,,,,47.93,
2012-07-27 00:00:00,,,,48.03,
2012-07-26 00:00:00,,,,46.69,
2012-07-25 00:00:00,,,,45.6,
2012-07-24 00:00:00,,,,45.35,
2012-07-23 00:00:00,,,,46.3,
2012-07-20 00:00:00,,,,46.25,
2012-07-19 00:00:00,,,,47.03,
2012-07-18 00:00:00,,,,47.16,
2012-07-17 00:00:00,,,,45.21,
2012-07-16 00:00:00,,,,44.71,
2012-07-13 00:00:00,,,,44.94,
2012-07-12 00:00:00,,,,44.03,
2012-07-11 00:00:00,,,,44.43,
2012-07-10 00:00:00,,,,44.65,
2012-07-09 00:00:00,,,,44.93,
2012-07-06 00:00:00,,,,45.16,
2012-07-05 00:00:00,,,,45.81,
2012-07-03 00:00:00,,,,45.54,
2012-07-02 00:00:00,,,,45.4,
2012-06-30 00:00:00,141.0,40.5305,17.3929,,6484.0
2012-06-29 00:00:00,,,,46.58,
2012-06-28 00:00:00,,,,44.29,
2012-06-27 00:00:00,,,,44.61,
2012-06-26 00:00:00,,,,44.09,
2012-06-25 00:00:00,,,,44.51,
2012-06-22 00:00:00,,,,45.71,
2012-06-21 00:00:00,,,,45.56,
2012-06-20 00:00:00,,,,46.02,
2012-06-19 00:00:00,,,,46.97,
2012-06-18 00:00:00,,,,46.65,
2012-06-15 00:00:00,,,,46.67,
2012-06-14 00:00:00,,,,46.49,
2012-06-13 00:00:00,,,,46.51,
2012-06-12 00:00:00,,,,47.05,
2012-06-11 00:00:00,,,,46.69,
2012-06-08 00:00:00,,,,46.69,
2012-06-07 00:00:00,,,,46.41,
2012-06-06 00:00:00,,,,45.94,
2012-06-05 00:00:00,,,,44.81,
2012-06-04 00:00:00,,,,45.07,
2012-06-01 00:00:00,,,,45.63,
2012-05-31 00:00:00,,,,46.77,
2012-05-30 00:00:00,,,,47.09,
2012-05-29 00:00:00,,,,47.95,
2012-05-25 00:00:00,,,,47.28,
2012-05-24 00:00:00,,,,47.7,
2012-05-23 00:00:00,,,,47.18,
2012-05-22 00:00:00,,,,47.18,
2012-05-21 00:00:00,,,,46.77,
2012-05-18 00:00:00,,,,45.93,
2012-05-17 00:00:00,,,,46.19,
2012-05-16 00:00:00,,,,47.17,
2012-05-15 00:00:00,,,,47.52,
2012-05-14 00:00:00,,,,47.79,
2012-05-11 00:00:00,,,,48.18,
2012-05-10 00:00:00,,,,48.5,
2012-05-09 00:00:00,,,,48.16,
2012-05-08 00:00:00,,,,49.16,
2012-05-07 00:00:00,,,,48.7,
2012-05-04 00:00:00,,,,48.73,
2012-05-03 00:00:00,,,,49.36,
2012-05-02 00:00:00,,,,49.5,
2012-05-01 00:00:00,,,,49.18,
2012-04-30 00:00:00,,,,52.54,
2012-04-27 00:00:00,,,,52.67,
2012-04-26 00:00:00,,,,51.88,
2012-04-25 00:00:00,,,,51.25,
2012-04-24 00:00:00,,,,50.91,
2012-04-23 00:00:00,,,,49.95,
2012-04-20 00:00:00,,,,50.27,
2012-04-19 00:00:00,,,,50.08,
2012-04-18 00:00:00,,,,50.55,
2012-04-17 00:00:00,,,,51.08,
2012-04-16 00:00:00,,,,50.2,
2012-04-13 00:00:00,,,,50.09,
2012-04-12 00:00:00,,,,51.02,
2012-04-11 00:00:00,,,,49.73,
2012-04-10 00:00:00,,,,49.64,
2012-04-09 00:00:00,,,,50.34,
2012-04-05 00:00:00,,,,50.96,
2012-04-04 00:00:00,,,,51.36,
2012-04-03 00:00:00,,,,51.78,
2012-04-02 00:00:00,,,,52.54,
2012-03-31 00:00:00,157.0,39.4661,16.8904,,5919.0
2012-03-30 00:00:00,,,,52.18,
2012-03-29 00:00:00,,,,51.87,
2012-03-28 00:00:00,,,,51.75,
2012-03-27 00:00:00,,,,51.38,
2012-03-26 00:00:00,,,,51.35,
2012-03-23 00:00:00,,,,51.21,
2012-03-22 00:00:00,,,,52.0,
2012-03-21 00:00:00,,,,51.95,
2012-03-20 00:00:00,,,,51.53,
2012-03-19 00:00:00,,,,51.81,
2012-03-16 00:00:00,,,,52.37,
2012-03-15 00:00:00,,,,52.0,
2012-03-14 00:00:00,,,,51.72,
2012-03-13 00:00:00,,,,51.77,
2012-03-12 00:00:00,,,,50.44,
2012-03-09 00:00:00,,,,49.99,
2012-03-08 00:00:00,,,,49.67,
2012-03-07 00:00:00,,,,49.09,
2012-03-06 00:00:00,,,,48.8,
2012-03-05 00:00:00,,,,49.56,
2012-03-02 00:00:00,,,,50.23,
2012-03-01 00:00:00,,,,50.18,
2012-02-29 00:00:00,,,,50.31,
2012-02-28 00:00:00,,,,50.65,
2012-02-27 00:00:00,,,,51.05,
2012-02-24 00:00:00,,,,50.88,
2012-02-23 00:00:00,,,,51.07,
2012-02-22 00:00:00,,,,51.96,
2012-02-21 00:00:00,,,,51.88,
2012-02-17 00:00:00,,,,51.5,
2012-02-16 00:00:00,,,,51.38,
2012-02-15 00:00:00,,,,50.97,
2012-02-14 00:00:00,,,,51.62,
2012-02-13 00:00:00,,,,52.8,
2012-02-10 00:00:00,,,,52.2,
2012-02-09 00:00:00,,,,52.74,
2012-02-08 00:00:00,,,,52.06,
2012-02-07 00:00:00,,,,51.92,
2012-02-06 00:00:00,,,,53.37,
2012-02-03 00:00:00,,,,52.46,
2012-02-02 00:00:00,,,,51.45,
2012-02-01 00:00:00,,,,51.88,
2012-01-31 00:00:00,,,,51.38,
2012-01-30 00:00:00,,,,51.72,
2012-01-27 00:00:00,,,,51.67,
2012-01-26 00:00:00,,,,52.07,
2012-01-25 00:00:00,,,,52.1,
2012-01-24 00:00:00,,,,50.64,
2012-01-23 00:00:00,,,,49.74,
2012-01-20 00:00:00,,,,49.33,
2012-01-19 00:00:00,,,,49.8,
2012-01-18 00:00:00,,,,49.81,
2012-01-17 00:00:00,,,,49.05,
2012-01-13 00:00:00,,,,48.54,
2012-01-12 00:00:00,,,,49.25,
2012-01-11 00:00:00,,,,47.83,
2012-01-10 00:00:00,,,,48.7,
2012-01-09 00:00:00,,,,47.89,
2012-01-06 00:00:00,,,,47.15,
2012-01-05 00:00:00,,,,47.72,
2012-01-04 00:00:00,,,,48.03,
2012-01-03 00:00:00,,,,47.72,
2011-12-31 00:00:00,130.0,38.7079,16.9945,,5309.0
2011-12-30 00:00:00,,,,46.59,
2011-12-29 00:00:00,,,,46.63,
2011-12-28 00:00:00,,,,45.64,
2011-12-27 00:00:00,,,,46.37,
2011-12-23 00:00:00,,,,46.29,
2011-12-22 00:00:00,,,,45.18,
2011-12-21 00:00:00,,,,46.97,
2011-12-20 00:00:00,,,,49.67,
2011-12-19 00:00:00,,,,47.92,
2011-12-16 00:00:00,,,,49.13,
2011-12-15 00:00:00,,,,48.87,
2011-12-14 00:00:00,,,,48.96,
2011-12-13 00:00:00,,,,49.82,
2011-12-12 00:00:00,,,,50.38,
2011-12-09 00:00:00,,,,51.54,
2011-12-08 00:00:00,,,,50.52,
2011-12-07 00:00:00,,,,51.98,
2011-12-06 00:00:00,,,,51.97,
2011-12-05 00:00:00,,,,52.13,
2011-12-02 00:00:00,,,,51.36,
2011-12-01 00:00:00,,,,51.84,
2011-11-30 00:00:00,,,,52.25,
2011-11-29 00:00:00,,,,49.1,
2011-11-28 00:00:00,,,,49.14,
2011-11-25 00:00:00,,,,47.11,
2011-11-23 00:00:00,,,,47.06,
2011-11-22 00:00:00,,,,48.31,
2011-11-21 00:00:00,,,,48.9,
2011-11-18 00:00:00,,,,49.71,
2011-11-17 00:00:00,,,,49.56,
2011-11-16 00:00:00,,,,50.43,
2011-11-15 00:00:00,,,,51.39,
2011-11-14 00:00:00,,,,50.96,
2011-11-11 00:00:00,,,,51.36,
2011-11-10 00:00:00,,,,50.56,
2011-11-09 00:00:00,,,,50.11,
2011-11-08 00:00:00,,,,52.13,
2011-11-07 00:00:00,,,,50.89,
2011-11-04 00:00:00,,,,51.26,
2011-11-03 00:00:00,,,,51.82,
2011-11-02 00:00:00,,,,49.79,
2011-11-01 00:00:00,,,,48.31,
2011-10-31 00:00:00,,,,48.12,
2011-10-28 00:00:00,,,,49.61,
2011-10-27 00:00:00,,,,49.83,
2011-10-26 00:00:00,,,,47.15,
2011-10-25 00:00:00,,,,46.52,
2011-10-24 00:00:00,,,,47.66,
2011-10-21 00:00:00,,,,47.42,
2011-10-20 00:00:00,,,,46.48,
2011-10-19 00:00:00,,,,46.64,
2011-10-18 00:00:00,,,,47.79,
2011-10-17 00:00:00,,,,45.92,
2011-10-14 00:00:00,,,,47.51,
2011-10-13 00:00:00,,,,46.38,
2011-10-12 00:00:00,,,,46.53,
2011-10-11 00:00:00,,,,45.66,
2011-10-10 00:00:00,,,,45.39,
2011-10-07 00:00:00,,,,44.01,
2011-10-06 00:00:00,,,,44.5,
2011-10-05 00:00:00,,,,43.27,
2011-10-04 00:00:00,,,,42.13,
2011-10-03 00:00:00,,,,40.69,
2011-09-30 00:00:00,244.0,39.5722,17.4593,41.31,6545.0
2011-09-29 00:00:00,,,,43.79,
2011-09-28 00:00:00,,,,43.23,
2011-09-27 00:00:00,,,,44.07,
2011-09-26 00:00:00,,,,43.7,
2011-09-23 00:00:00,,,,42.33,
2011-09-22 00:00:00,,,,41.98,
2011-09-21 00:00:00,,,,43.75,
2011-09-20 00:00:00,,,,45.55,
2011-09-19 00:00:00,,,,45.44,
2011-09-16 00:00:00,,,,45.74,
2011-09-15 00:00:00,,,,45.91,
2011-09-14 00:00:00,,,,45.0,
2011-09-13 00:00:00,,,,44.65,
2011-09-12 00:00:00,,,,43.8,
2011-09-09 00:00:00,,,,43.4,
2011-09-08 00:00:00,,,,44.38,
2011-09-07 00:00:00,,,,44.74,
2011-09-06 00:00:00,,,,43.45,
2011-09-02 00:00:00,,,,44.03,
2011-09-01 00:00:00,,,,45.6,
2011-08-31 00:00:00,,,,46.55,
2011-08-30 00:00:00,,,,46.46,
2011-08-29 00:00:00,,,,46.88,
2011-08-26 00:00:00,,,,45.41,
2011-08-25 00:00:00,,,,44.46,
2011-08-24 00:00:00,,,,45.79,
2011-08-23 00:00:00,,,,44.39,
2011-08-22 00:00:00,,,,42.6,
2011-08-19 00:00:00,,,,42.46,
2011-08-18 00:00:00,,,,42.95,
2011-08-17 00:00:00,,,,45.89,
2011-08-16 00:00:00,,,,46.07,
2011-08-15 00:00:00,,,,46.91,
2011-08-12 00:00:00,,,,46.3,
2011-08-11 00:00:00,,,,45.68,
2011-08-10 00:00:00,,,,41.89,
2011-08-09 00:00:00,,,,44.73,
2011-08-08 00:00:00,,,,42.53,
2011-08-05 00:00:00,,,,45.39,
2011-08-04 00:00:00,,,,46.01,
2011-08-03 00:00:00,,,,48.46,
2011-08-02 00:00:00,,,,47.06,
2011-08-01 00:00:00,,,,49.06,
2011-07-29 00:00:00,,,,49.09,
2011-07-28 00:00:00,,,,49.62,
2011-07-27 00:00:00,,,,50.43,
2011-07-26 00:00:00,,,,54.05,
2011-07-25 00:00:00,,,,55.28,
2011-07-22 00:00:00,,,,55.1,
2011-07-21 00:00:00,,,,55.97,
2011-07-20 00:00:00,,,,55.74,
2011-07-19 00:00:00,,,,55.47,
2011-07-18 00:00:00,,,,54.86,
2011-07-15 00:00:00,,,,55.37,
2011-07-14 00:00:00,,,,55.6,
2011-07-13 00:00:00,,,,56.06,
2011-07-12 00:00:00,,,,56.18,
2011-07-11 00:00:00,,,,56.36,
2011-07-08 00:00:00,,,,57.19,
2011-07-07 00:00:00,,,,58.15,
2011-07-06 00:00:00,,,,57.64,
2011-07-05 00:00:00,,,,57.16,
2011-07-01 00:00:00,,,,57.09,
2011-06-30 00:00:00,195.0,39.7265,16.5023,56.25,6288.0
2011-06-29 00:00:00,,,,54.93,
2011-06-28 00:00:00,,,,54.78,
2011-06-27 00:00:00,,,,53.87,
2011-06-24 00:00:00,,,,53.57,
2011-06-23 00:00:00,,,,53.94,
2011-06-22 00:00:00,,,,53.4,
2011-06-21 00:00:00,,,,53.92,
2011-06-20 00:00:00,,,,52.83,
2011-06-17 00:00:00,,,,52.06,
2011-06-16 00:00:00,,,,52.5,
2011-06-15 00:00:00,,,,51.88,
2011-06-14 00:00:00,,,,52.66,
2011-06-13 00:00:00,,,,51.21,
2011-06-10 00:00:00,,,,51.37,
2011-06-09 00:00:00,,,,51.69,
2011-06-08 00:00:00,,,,51.43,
2011-06-07 00:00:00,,,,51.44,
2011-06-06 00:00:00,,,,51.35,
2011-06-03 00:00:00,,,,51.22,
2011-06-02 00:00:00,,,,51.86,
2011-06-01 00:00:00,,,,52.18,
2011-05-31 00:00:00,,,,54.55,
2011-05-27 00:00:00,,,,54.12,
2011-05-26 00:00:00,,,,54.04,
2011-05-25 00:00:00,,,,53.89,
2011-05-24 00:00:00,,,,53.35,
2011-05-23 00:00:00,,,,53.9,
2011-05-20 00:00:00,,,,54.09,
2011-05-19 00:00:00,,,,54.61,
2011-05-18 00:00:00,,,,54.07,
2011-05-17 00:00:00,,,,52.82,
2011-05-16 00:00:00,,,,53.18,
2011-05-13 00:00:00,,,,53.53,
2011-05-12 00:00:00,,,,54.24,
2011-05-11 00:00:00,,,,54.49,
2011-05-10 00:00:00,,,,55.37,
2011-05-09 00:00:00,,,,56.18,
2011-05-06 00:00:00,,,,55.66,
2011-05-05 00:00:00,,,,55.03,
2011-05-04 00:00:00,,,,55.84,
2011-05-03 00:00:00,,,,56.89,
2011-05-02 00:00:00,,,,60.81,
2011-04-29 00:00:00,,,,60.77,
2011-04-28 00:00:00,,,,60.05,
2011-04-27 00:00:00,,,,60.03,
2011-04-26 00:00:00,,,,59.58,
2011-04-25 00:00:00,,,,58.55,
2011-04-21 00:00:00,,,,59.14,
2011-04-20 00:00:00,,,,58.29,
2011-04-19 00:00:00,,,,56.73,
2011-04-18 00:00:00,,,,56.56,
2011-04-15 00:00:00,,,,57.55,
2011-04-14 00:00:00,,,,57.41,
2011-04-13 00:00:00,,,,57.24,
2011-04-12 00:00:00,,,,57.16,
2011-04-11 00:00:00,,,,57.64,
2011-04-08 00:00:00,,,,57.75,
2011-04-07 00:00:00,,,,58.28,
2011-04-06 00:00:00,,,,58.56,
2011-04-05 00:00:00,,,,58.94,
2011-04-04 00:00:00,,,,58.8,
2011-04-01 00:00:00,,,,59.0,
2011-03-31 00:00:00,126.0,39.3919,16.2185,58.43,5854.0
2011-03-30 00:00:00,,,,57.41,
2011-03-29 00:00:00,,,,57.11,
2011-03-28 00:00:00,,,,57.21,
2011-03-25 00:00:00,,,,57.82,
2011-03-24 00:00:00,,,,57.63,
2011-03-23 00:00:00,,,,57.27,
2011-03-22 00:00:00,,,,57.42,
2011-03-21 00:00:00,,,,58.14,
2011-03-18 00:00:00,,,,57.14,
2011-03-17 00:00:00,,,,57.23,
2011-03-16 00:00:00,,,,56.35,
2011-03-15 00:00:00,,,,58.18,
2011-03-14 00:00:00,,,,58.92,
2011-03-11 00:00:00,,,,59.41,
2011-03-10 00:00:00,,,,58.89,
2011-03-09 00:00:00,,,,60.08,
2011-03-08 00:00:00,,,,60.15,
2011-03-07 00:00:00,,,,59.08,
2011-03-04 00:00:00,,,,59.74,
2011-03-03 00:00:00,,,,60.53,
2011-03-02 00:00:00,,,,58.92,
2011-03-01 00:00:00,,,,58.16,
2011-02-28 00:00:00,,,,59.66,
2011-02-25 00:00:00,,,,59.97,
2011-02-24 00:00:00,,,,59.23,
2011-02-23 00:00:00,,,,59.46,
2011-02-22 00:00:00,,,,60.43,
2011-02-18 00:00:00,,,,61.78,
2011-02-17 00:00:00,,,,61.66,
2011-02-16 00:00:00,,,,61.59,
2011-02-15 00:00:00,,,,61.55,
2011-02-14 00:00:00,,,,61.85,
2011-02-11 00:00:00,,,,61.56,
2011-02-10 00:00:00,,,,60.89,
2011-02-09 00:00:00,,,,60.99,
2011-02-08 00:00:00,,,,61.33,
2011-02-07 00:00:00,,,,60.85,
2011-02-04 00:00:00,,,,60.59,
2011-02-03 00:00:00,,,,60.24,
2011-02-02 00:00:00,,,,59.85,
2011-02-01 00:00:00,,,,59.76,
2011-01-31 00:00:00,,,,58.88,
2011-01-28 00:00:00,,,,56.96,
2011-01-27 00:00:00,,,,58.49,
2011-01-26 00:00:00,,,,59.08,
2011-01-25 00:00:00,,,,58.18,
2011-01-24 00:00:00,,,,58.02,
2011-01-21 00:00:00,,,,57.54,
2011-01-20 00:00:00,,,,57.48,
2011-01-19 00:00:00,,,,57.91,
2011-01-18 00:00:00,,,,58.1,
2011-01-14 00:00:00,,,,58.16,
2011-01-13 00:00:00,,,,58.0,
2011-01-12 00:00:00,,,,58.21,
2011-01-11 00:00:00,,,,57.95,
2011-01-10 00:00:00,,,,57.18,
2011-01-07 00:00:00,,,,56.83,
2011-01-06 00:00:00,,,,57.06,
2011-01-05 00:00:00,,,,57.2,
2011-01-04 00:00:00,,,,56.5,
2011-01-03 00:00:00,,,,57.24,
2010-12-31 00:00:00,82.0,39.0786,15.4051,57.17,5535.0
2010-12-30 00:00:00,,,,57.36,
2010-12-29 00:00:00,,,,57.35,
2010-12-28 00:00:00,,,,57.18,
2010-12-27 00:00:00,,,,57.27,
2010-12-23 00:00:00,,,,57.47,
2010-12-22 00:00:00,,,,58.02,
2010-12-21 00:00:00,,,,58.27,
2010-12-20 00:00:00,,,,57.89,
2010-12-17 00:00:00,,,,58.33,
2010-12-16 00:00:00,,,,58.68,
2010-12-15 00:00:00,,,,57.94,
2010-12-14 00:00:00,,,,57.98,
2010-12-13 00:00:00,,,,57.84,
2010-12-10 00:00:00,,,,57.64,
2010-12-09 00:00:00,,,,56.78,
2010-12-08 00:00:00,,,,56.33,
2010-12-07 00:00:00,,,,56.51,
2010-12-06 00:00:00,,,,56.91,
2010-12-03 00:00:00,,,,56.84,
2010-12-02 00:00:00,,,,56.86,
2010-12-01 00:00:00,,,,55.98,
2010-11-30 00:00:00,,,,55.07,
2010-11-29 00:00:00,,,,55.38,
2010-11-26 00:00:00,,,,55.6,
2010-11-24 00:00:00,,,,56.26,
2010-11-23 00:00:00,,,,55.1,
2010-11-22 00:00:00,,,,55.7,
2010-11-19 00:00:00,,,,55.75,
2010-11-18 00:00:00,,,,55.28,
2010-11-17 00:00:00,,,,54.35,
2010-11-16 00:00:00,,,,54.63,
2010-11-15 00:00:00,,,,55.59,
2010-11-12 00:00:00,,,,55.37,
2010-11-11 00:00:00,,,,55.91,
2010-11-10 00:00:00,,,,56.07,
2010-11-09 00:00:00,,,,56.18,
2010-11-08 00:00:00,,,,56.86,
2010-11-05 00:00:00,,,,57.28,
2010-11-04 00:00:00,,,,56.75,
2010-11-03 00:00:00,,,,54.58,
2010-11-02 00:00:00,,,,54.72,
2010-11-01 00:00:00,,,,55.97,
2010-10-29 00:00:00,,,,54.9,
2010-10-28 00:00:00,,,,54.83,
2010-10-27 00:00:00,,,,54.44,
2010-10-26 00:00:00,,,,54.79,
2010-10-25 00:00:00,,,,54.95,
2010-10-22 00:00:00,,,,54.51,
2010-10-21 00:00:00,,,,54.8,
2010-10-20 00:00:00,,,,53.98,
2010-10-19 00:00:00,,,,52.76,
2010-10-18 00:00:00,,,,53.82,
2010-10-15 00:00:00,,,,53.67,
2010-10-14 00:00:00,,,,53.9,
2010-10-13 00:00:00,,,,53.91,
2010-10-12 00:00:00,,,,53.0,
2010-10-11 00:00:00,,,,53.19,
2010-10-08 00:00:00,,,,53.42,
2010-10-07 00:00:00,,,,53.27,
2010-10-06 00:00:00,,,,53.505001,
2010-10-05 00:00:00,,,,53.8,
2010-10-04 00:00:00,,,,53.08,
2010-10-01 00:00:00,,,,53.67,
2010-09-30 00:00:00,224.0,39.9076,14.6157,52.66,5841.0
2010-09-29 00:00:00,,,,52.89,
2010-09-28 00:00:00,,,,52.9,
2010-09-27 00:00:00,,,,52.95,
2010-09-24 00:00:00,,,,53.46,
2010-09-23 00:00:00,,,,51.18,
2010-09-22 00:00:00,,,,51.68,
2010-09-21 00:00:00,,,,52.48,
2010-09-20 00:00:00,,,,52.26,
2010-09-17 00:00:00,,,,51.22,
2010-09-16 00:00:00,,,,50.58,
2010-09-15 00:00:00,,,,50.05,
2010-09-14 00:00:00,,,,50.55,
2010-09-13 00:00:00,,,,50.55,
2010-09-10 00:00:00,,,,49.81,
2010-09-09 00:00:00,,,,50.23,
2010-09-08 00:00:00,,,,50.01,
2010-09-07 00:00:00,,,,49.76,
2010-09-03 00:00:00,,,,49.76,
2010-09-02 00:00:00,,,,49.13,
2010-09-01 00:00:00,,,,48.56,
2010-08-31 00:00:00,,,,46.65,
2010-08-30 00:00:00,,,,46.56,
2010-08-27 00:00:00,,,,46.88,
2010-08-26 00:00:00,,,,45.42,
2010-08-25 00:00:00,,,,45.81,
2010-08-24 00:00:00,,,,46.02,
2010-08-23 00:00:00,,,,47.1,
2010-08-20 00:00:00,,,,46.68,
2010-08-19 00:00:00,,,,47.39,
2010-08-18 00:00:00,,,,48.6,
2010-08-17 00:00:00,,,,48.66,
2010-08-16 00:00:00,,,,48.05,
2010-08-13 00:00:00,,,,48.23,
2010-08-12 00:00:00,,,,48.38,
2010-08-11 00:00:00,,,,48.33,
2010-08-10 00:00:00,,,,50.75,
2010-08-09 00:00:00,,,,50.45,
2010-08-06 00:00:00,,,,50.37,
2010-08-05 00:00:00,,,,50.51,
2010-08-04 00:00:00,,,,50.44,
2010-08-03 00:00:00,,,,50.84,
2010-08-02 00:00:00,,,,50.85,
2010-07-30 00:00:00,,,,49.54,
2010-07-29 00:00:00,,,,49.78,
2010-07-28 00:00:00,,,,50.44,
2010-07-27 00:00:00,,,,50.29,
2010-07-26 00:00:00,,,,50.6,
2010-07-23 00:00:00,,,,50.57,
2010-07-22 00:00:00,,,,48.84,
2010-07-21 00:00:00,,,,47.42,
2010-07-20 00:00:00,,,,47.05,
2010-07-19 00:00:00,,,,45.55,
2010-07-16 00:00:00,,,,45.22,
2010-07-15 00:00:00,,,,46.56,
2010-07-14 00:00:00,,,,46.47,
2010-07-13 00:00:00,,,,46.46,
2010-07-12 00:00:00,,,,45.69,
2010-07-09 00:00:00,,,,46.42,
2010-07-08 00:00:00,,,,45.93,
2010-07-07 00:00:00,,,,45.09,
2010-07-06 00:00:00,,,,43.4,
2010-07-02 00:00:00,,,,43.42,
2010-07-01 00:00:00,,,,43.7,
2010-06-30 00:00:00,122.0,39.9483,15.4767,43.69,5417.0
2010-06-29 00:00:00,,,,43.29,
2010-06-28 00:00:00,,,,44.85,
2010-06-25 00:00:00,,,,44.89,
2010-06-24 00:00:00,,,,44.59,
2010-06-23 00:00:00,,,,46.0,
2010-06-22 00:00:00,,,,46.39,
2010-06-21 00:00:00,,,,47.64,
2010-06-18 00:00:00,,,,47.47,
2010-06-17 00:00:00,,,,47.23,
2010-06-16 00:00:00,,,,47.3,
2010-06-15 00:00:00,,,,47.45,
2010-06-14 00:00:00,,,,45.45,
2010-06-11 00:00:00,,,,45.77,
2010-06-10 00:00:00,,,,45.88,
2010-06-09 00:00:00,,,,43.99,
2010-06-08 00:00:00,,,,44.24,
2010-06-07 00:00:00,,,,43.7,
2010-06-04 00:00:00,,,,44.97,
2010-06-03 00:00:00,,,,47.28,
2010-06-02 00:00:00,,,,46.89,
2010-06-01 00:00:00,,,,45.6,
2010-05-28 00:00:00,,,,46.44,
2010-05-27 00:00:00,,,,47.36,
2010-05-26 00:00:00,,,,45.54,
2010-05-25 00:00:00,,,,45.6,
2010-05-24 00:00:00,,,,45.38,
2010-05-21 00:00:00,,,,45.93,
2010-05-20 00:00:00,,,,46.01,
2010-05-19 00:00:00,,,,46.83,
2010-05-18 00:00:00,,,,47.97,
2010-05-17 00:00:00,,,,47.89,
2010-05-14 00:00:00,,,,49.06,
2010-05-13 00:00:00,,,,50.33,
2010-05-12 00:00:00,,,,50.27,
2010-05-11 00:00:00,,,,49.9,
2010-05-10 00:00:00,,,,50.85,
2010-05-07 00:00:00,,,,48.47,
2010-05-06 00:00:00,,,,48.44,
2010-05-05 00:00:00,,,,49.02,
2010-05-04 00:00:00,,,,50.18,
2010-05-03 00:00:00,,,,53.62,
2010-04-30 00:00:00,,,,52.23,
2010-04-29 00:00:00,,,,53.21,
2010-04-28 00:00:00,,,,52.47,
2010-04-27 00:00:00,,,,50.9,
2010-04-26 00:00:00,,,,52.61,
2010-04-23 00:00:00,,,,52.74,
2010-04-22 00:00:00,,,,52.59,
2010-04-21 00:00:00,,,,51.91,
2010-04-20 00:00:00,,,,52.1,
2010-04-19 00:00:00,,,,51.65,
2010-04-16 00:00:00,,,,51.8,
2010-04-15 00:00:00,,,,52.95,
2010-04-14 00:00:00,,,,51.9,
2010-04-13 00:00:00,,,,51.15,
2010-04-12 00:00:00,,,,50.79,
2010-04-09 00:00:00,,,,50.8,
2010-04-08 00:00:00,,,,50.94,
2010-04-07 00:00:00,,,,50.45,
2010-04-06 00:00:00,,,,50.98,
2010-04-05 00:00:00,,,,51.33,
2010-04-01 00:00:00,,,,50.83,
2010-03-31 00:00:00,89.0,39.6325,13.8073,50.34,4953.0
2010-03-30 00:00:00,,,,50.81,
2010-03-29 00:00:00,,,,49.83,
2010-03-26 00:00:00,,,,49.8,
2010-03-25 00:00:00,,,,49.49,
2010-03-24 00:00:00,,,,49.13,
2010-03-23 00:00:00,,,,49.54,
2010-03-22 00:00:00,,,,48.82,
2010-03-19 00:00:00,,,,48.62,
2010-03-18 00:00:00,,,,48.98,
2010-03-17 00:00:00,,,,48.89,
2010-03-16 00:00:00,,,,48.69,
2010-03-15 00:00:00,,,,48.35,
2010-03-12 00:00:00,,,,48.09,
2010-03-11 00:00:00,,,,47.95,
2010-03-10 00:00:00,,,,47.99,
2010-03-09 00:00:00,,,,47.99,
2010-03-08 00:00:00,,,,47.98,
2010-03-05 00:00:00,,,,48.49,
2010-03-04 00:00:00,,,,47.95,
2010-03-03 00:00:00,,,,47.91,
2010-03-02 00:00:00,,,,47.63,
2010-03-01 00:00:00,,,,47.37,
2010-02-26 00:00:00,,,,47.34,
2010-02-25 00:00:00,,,,47.7,
2010-02-24 00:00:00,,,,48.16,
2010-02-23 00:00:00,,,,47.12,
2010-02-22 00:00:00,,,,48.21,
2010-02-19 00:00:00,,,,48.08,
2010-02-18 00:00:00,,,,47.73,
2010-02-17 00:00:00,,,,47.17,
2010-02-16 00:00:00,,,,46.95,
2010-02-12 00:00:00,,,,46.21,
2010-02-11 00:00:00,,,,46.53,
2010-02-10 00:00:00,,,,45.47,
2010-02-09 00:00:00,,,,45.81,
2010-02-08 00:00:00,,,,44.47,
2010-02-05 00:00:00,,,,45.15,
2010-02-04 00:00:00,,,,45.27,
2010-02-03 00:00:00,,,,46.56,
2010-02-02 00:00:00,,,,46.77,
2010-02-01 00:00:00,,,,42.48,
2010-01-29 00:00:00,,,,41.54,
2010-01-28 00:00:00,,,,41.67,
2010-01-27 00:00:00,,,,42.06,
2010-01-26 00:00:00,,,,42.17,
2010-01-25 00:00:00,,,,42.51,
2010-01-22 00:00:00,,,,42.08,
2010-01-21 00:00:00,,,,43.11,
2010-01-20 00:00:00,,,,44.24,
2010-01-19 00:00:00,,,,44.73,
2010-01-15 00:00:00,,,,44.32,
2010-01-14 00:00:00,,,,44.94,
2010-01-13 00:00:00,,,,44.52,
2010-01-12 00:00:00,,,,44.49,
2010-01-11 00:00:00,,,,44.73,
2010-01-08 00:00:00,,,,44.06,
2010-01-07 00:00:00,,,,43.81,
2010-01-06 00:00:00,,,,43.81,
2010-01-05 00:00:00,,,,43.42,
2010-01-04 00:00:00,,,,43.35,
2009-12-31 00:00:00,89.0,38.691,13.1489,42.6,4828.0
2009-12-30 00:00:00,,,,43.34,
2009-12-29 00:00:00,,,,43.37,
2009-12-28 00:00:00,,,,43.36,
2009-12-24 00:00:00,,,,43.36,
2009-12-23 00:00:00,,,,42.91,
2009-12-22 00:00:00,,,,42.62,
2009-12-21 00:00:00,,,,42.4,
2009-12-18 00:00:00,,,,41.78,
2009-12-17 00:00:00,,,,41.5,
2009-12-16 00:00:00,,,,41.7,
2009-12-15 00:00:00,,,,42.21,
2009-12-14 00:00:00,,,,42.41,
2009-12-11 00:00:00,,,,42.0,
2009-12-10 00:00:00,,,,41.71,
2009-12-09 00:00:00,,,,41.33,
2009-12-08 00:00:00,,,,40.83,
2009-12-07 00:00:00,,,,41.99,
2009-12-04 00:00:00,,,,42.14,
2009-12-03 00:00:00,,,,41.47,
2009-12-02 00:00:00,,,,41.98,
2009-12-01 00:00:00,,,,42.19,
2009-11-30 00:00:00,,,,41.41,
2009-11-27 00:00:00,,,,41.5,
2009-11-25 00:00:00,,,,42.32,
2009-11-24 00:00:00,,,,42.25,
2009-11-23 00:00:00,,,,42.3,
2009-11-20 00:00:00,,,,41.68,
2009-11-19 00:00:00,,,,41.86,
2009-11-18 00:00:00,,,,42.77,
2009-11-17 00:00:00,,,,42.61,
2009-11-16 00:00:00,,,,42.4,
2009-11-13 00:00:00,,,,41.77,
2009-11-12 00:00:00,,,,41.33,
2009-11-11 00:00:00,,,,41.35,
2009-11-10 00:00:00,,,,41.42,
2009-11-09 00:00:00,,,,41.86,
2009-11-06 00:00:00,,,,41.23,
2009-11-05 00:00:00,,,,41.12,
2009-11-04 00:00:00,,,,39.73,
2009-11-03 00:00:00,,,,38.97,
2009-11-02 00:00:00,,,,38.15,
2009-10-30 00:00:00,,,,37.75,
2009-10-29 00:00:00,,,,39.34,
2009-10-28 00:00:00,,,,38.45,
2009-10-27 00:00:00,,,,39.23,
2009-10-26 00:00:00,,,,39.31,
2009-10-23 00:00:00,,,,39.68,
2009-10-22 00:00:00,,,,40.17,
2009-10-21 00:00:00,,,,39.49,
2009-10-20 00:00:00,,,,39.59,
2009-10-19 00:00:00,,,,39.63,
2009-10-16 00:00:00,,,,39.12,
2009-10-15 00:00:00,,,,39.83,
2009-10-14 00:00:00,,,,39.87,
2009-10-13 00:00:00,,,,39.12,
2009-10-12 00:00:00,,,,39.45,
2009-10-09 00:00:00,,,,39.1,
2009-10-08 00:00:00,,,,39.02,
2009-10-07 00:00:00,,,,38.75,
2009-10-06 00:00:00,,,,39.22,
2009-10-05 00:00:00,,,,38.68,
2009-10-02 00:00:00,,,,38.31,
2009-10-01 00:00:00,,,,39.09,
2009-09-30 00:00:00,143.0,41.894,13.2823,40.08,4509.0
2009-09-29 00:00:00,,,,40.12,
2009-09-28 00:00:00,,,,39.61,
2009-09-25 00:00:00,,,,38.92,
2009-09-24 00:00:00,,,,39.38,
2009-09-23 00:00:00,,,,40.06,
2009-09-22 00:00:00,,,,40.58,
2009-09-21 00:00:00,,,,40.22,
2009-09-18 00:00:00,,,,41.12,
2009-09-17 00:00:00,,,,41.24,
2009-09-16 00:00:00,,,,41.17,
2009-09-15 00:00:00,,,,40.01,
2009-09-14 00:00:00,,,,39.58,
2009-09-11 00:00:00,,,,39.38,
2009-09-10 00:00:00,,,,39.58,
2009-09-09 00:00:00,,,,38.78,
2009-09-08 00:00:00,,,,38.03,
2009-09-04 00:00:00,,,,37.41,
2009-09-03 00:00:00,,,,36.75,
2009-09-02 00:00:00,,,,36.23,
2009-09-01 00:00:00,,,,36.12,
2009-08-31 00:00:00,,,,36.87,
2009-08-28 00:00:00,,,,37.2,
2009-08-27 00:00:00,,,,37.43,
2009-08-26 00:00:00,,,,37.56,
2009-08-25 00:00:00,,,,37.57,
2009-08-24 00:00:00,,,,36.5,
2009-08-21 00:00:00,,,,36.02,
2009-08-20 00:00:00,,,,35.07,
2009-08-19 00:00:00,,,,34.58,
2009-08-18 00:00:00,,,,34.72,
2009-08-17 00:00:00,,,,33.99,
2009-08-14 00:00:00,,,,35.19,
2009-08-13 00:00:00,,,,35.91,
2009-08-12 00:00:00,,,,36.01,
2009-08-11 00:00:00,,,,35.97,
2009-08-10 00:00:00,,,,35.79,
2009-08-07 00:00:00,,,,35.64,
2009-08-06 00:00:00,,,,34.76,
2009-08-05 00:00:00,,,,34.83,
2009-08-04 00:00:00,,,,36.12,
2009-08-03 00:00:00,,,,36.42,
2009-07-31 00:00:00,,,,36.38,
2009-07-30 00:00:00,,,,37.05,
2009-07-29 00:00:00,,,,36.03,
2009-07-28 00:00:00,,,,36.42,
2009-07-27 00:00:00,,,,36.89,
2009-07-24 00:00:00,,,,36.8,
2009-07-23 00:00:00,,,,36.49,
2009-07-22 00:00:00,,,,35.29,
2009-07-21 00:00:00,,,,35.12,
2009-07-20 00:00:00,,,,34.95,
2009-07-17 00:00:00,,,,33.97,
2009-07-16 00:00:00,,,,34.44,
2009-07-15 00:00:00,,,,33.2,
2009-07-14 00:00:00,,,,31.87,
2009-07-13 00:00:00,,,,31.71,
2009-07-10 00:00:00,,,,31.0,
2009-07-09 00:00:00,,,,30.97,
2009-07-08 00:00:00,,,,30.82,
2009-07-07 00:00:00,,,,30.63,
2009-07-06 00:00:00,,,,31.44,
2009-07-02 00:00:00,,,,31.79,
2009-07-01 00:00:00,,,,32.88,
2009-06-30 00:00:00,116.0,36.1029,12.2123,32.4,5091.0
2009-06-29 00:00:00,,,,33.27,
2009-06-26 00:00:00,,,,33.09,
2009-06-25 00:00:00,,,,32.95,
2009-06-24 00:00:00,,,,32.18,
2009-06-23 00:00:00,,,,31.67,
2009-06-22 00:00:00,,,,31.75,
2009-06-19 00:00:00,,,,32.76,
2009-06-18 00:00:00,,,,33.0,
2009-06-17 00:00:00,,,,33.07,
2009-06-16 00:00:00,,,,33.36,
2009-06-15 00:00:00,,,,34.07,
2009-06-12 00:00:00,,,,35.07,
2009-06-11 00:00:00,,,,34.94,
2009-06-10 00:00:00,,,,34.9,
2009-06-09 00:00:00,,,,35.11,
2009-06-08 00:00:00,,,,35.15,
2009-06-05 00:00:00,,,,35.2,
2009-06-04 00:00:00,,,,34.57,
2009-06-03 00:00:00,,,,34.21,
2009-06-02 00:00:00,,,,34.68,
2009-06-01 00:00:00,,,,33.84,
2009-05-29 00:00:00,,,,32.09,
2009-05-28 00:00:00,,,,32.22,
2009-05-27 00:00:00,,,,32.26,
2009-05-26 00:00:00,,,,33.25,
2009-05-22 00:00:00,,,,32.18,
2009-05-21 00:00:00,,,,31.79,
2009-05-20 00:00:00,,,,33.31,
2009-05-19 00:00:00,,,,34.11,
2009-05-18 00:00:00,,,,34.81,
2009-05-15 00:00:00,,,,33.75,
2009-05-14 00:00:00,,,,33.93,
2009-05-13 00:00:00,,,,33.63,
2009-05-12 00:00:00,,,,35.44,
2009-05-11 00:00:00,,,,35.32,
2009-05-08 00:00:00,,,,36.46,
2009-05-07 00:00:00,,,,35.46,
2009-05-06 00:00:00,,,,36.36,
2009-05-05 00:00:00,,,,36.79,
2009-05-04 00:00:00,,,,37.35,
2009-05-01 00:00:00,,,,35.58,
2009-04-30 00:00:00,,,,34.04,
2009-04-29 00:00:00,,,,33.61,
2009-04-28 00:00:00,,,,32.75,
2009-04-27 00:00:00,,,,33.09,
2009-04-24 00:00:00,,,,33.6,
2009-04-23 00:00:00,,,,32.76,
2009-04-22 00:00:00,,,,32.75,
2009-04-21 00:00:00,,,,32.46,
2009-04-20 00:00:00,,,,31.66,
2009-04-17 00:00:00,,,,33.04,
2009-04-16 00:00:00,,,,33.01,
2009-04-15 00:00:00,,,,31.89,
2009-04-14 00:00:00,,,,31.4,
2009-04-13 00:00:00,,,,31.6,
2009-04-09 00:00:00,,,,32.0,
2009-04-08 00:00:00,,,,30.21,
2009-04-07 00:00:00,,,,30.89,
2009-04-06 00:00:00,,,,30.89,
2009-04-03 00:00:00,,,,31.96,
2009-04-02 00:00:00,,,,31.19,
2009-04-01 00:00:00,,,,29.53,
2009-03-31 00:00:00,140.0,36.1117,13.6371,28.58,5087.0
2009-03-30 00:00:00,,,,27.93,
2009-03-27 00:00:00,,,,28.96,
2009-03-26 00:00:00,,,,29.57,
2009-03-25 00:00:00,,,,28.45,
2009-03-24 00:00:00,,,,28.48,
2009-03-23 00:00:00,,,,28.96,
2009-03-20 00:00:00,,,,26.8,
2009-03-19 00:00:00,,,,27.57,
2009-03-18 00:00:00,,,,27.75,
2009-03-17 00:00:00,,,,27.04,
2009-03-16 00:00:00,,,,26.85,
2009-03-13 00:00:00,,,,26.82,
2009-03-12 00:00:00,,,,27.43,
2009-03-11 00:00:00,,,,27.39,
2009-03-10 00:00:00,,,,26.85,
2009-03-09 00:00:00,,,,24.87,
2009-03-06 00:00:00,,,,25.17,
2009-03-05 00:00:00,,,,25.23,
2009-03-04 00:00:00,,,,26.47,
2009-03-03 00:00:00,,,,25.25,
2009-03-02 00:00:00,,,,25.22,
2009-02-27 00:00:00,,,,26.75,
2009-02-26 00:00:00,,,,27.42,
2009-02-25 00:00:00,,,,28.02,
2009-02-24 00:00:00,,,,28.99,
2009-02-23 00:00:00,,,,28.07,
2009-02-20 00:00:00,,,,29.2,
2009-02-19 00:00:00,,,,29.38,
2009-02-18 00:00:00,,,,29.9,
2009-02-17 00:00:00,,,,29.87,
2009-02-13 00:00:00,,,,32.02,
2009-02-12 00:00:00,,,,32.48,
2009-02-11 00:00:00,,,,32.65,
2009-02-10 00:00:00,,,,32.79,
2009-02-09 00:00:00,,,,34.97,
2009-02-06 00:00:00,,,,33.43,
2009-02-05 00:00:00,,,,33.27,
2009-02-04 00:00:00,,,,32.37,
2009-02-03 00:00:00,,,,33.6,
2009-02-02 00:00:00,,,,31.7,
2009-01-30 00:00:00,,,,32.7,
2009-01-29 00:00:00,,,,33.69,
2009-01-28 00:00:00,,,,35.11,
2009-01-27 00:00:00,,,,33.72,
2009-01-26 00:00:00,,,,32.81,
2009-01-23 00:00:00,,,,32.79,
2009-01-22 00:00:00,,,,32.95,
2009-01-21 00:00:00,,,,33.8,
2009-01-20 00:00:00,,,,32.25,
2009-01-16 00:00:00,,,,33.65,
2009-01-15 00:00:00,,,,33.62,
2009-01-14 00:00:00,,,,33.13,
2009-01-13 00:00:00,,,,34.34,
2009-01-12 00:00:00,,,,34.71,
2009-01-09 00:00:00,,,,35.7,
2009-01-08 00:00:00,,,,36.99,
2009-01-07 00:00:00,,,,36.76,
2009-01-06 00:00:00,,,,39.1,
2009-01-05 00:00:00,,,,37.31,
2009-01-02 00:00:00,,,,37.95,
2008-12-31 00:00:00,132.0,36.8606,14.7802,36.61,5415.0
2008-12-30 00:00:00,,,,35.91,
2008-12-29 00:00:00,,,,34.29,
2008-12-26 00:00:00,,,,34.4,
2008-12-24 00:00:00,,,,33.76,
2008-12-23 00:00:00,,,,33.37,
2008-12-22 00:00:00,,,,34.47,
2008-12-19 00:00:00,,,,34.02,
2008-12-18 00:00:00,,,,34.99,
2008-12-17 00:00:00,,,,36.2,
2008-12-16 00:00:00,,,,34.75,
2008-12-15 00:00:00,,,,31.7,
2008-12-12 00:00:00,,,,32.36,
2008-12-11 00:00:00,,,,31.95,
2008-12-10 00:00:00,,,,33.32,
2008-12-09 00:00:00,,,,32.34,
2008-12-08 00:00:00,,,,33.25,
2008-12-05 00:00:00,,,,31.29,
2008-12-04 00:00:00,,,,31.55,
2008-12-03 00:00:00,,,,33.69,
2008-12-02 00:00:00,,,,32.05,
2008-12-01 00:00:00,,,,30.5,
2008-11-28 00:00:00,,,,35.89,
2008-11-26 00:00:00,,,,34.75,
2008-11-25 00:00:00,,,,34.51,
2008-11-24 00:00:00,,,,33.15,
2008-11-21 00:00:00,,,,32.18,
2008-11-20 00:00:00,,,,29.98,
2008-11-19 00:00:00,,,,31.63,
2008-11-18 00:00:00,,,,32.74,
2008-11-17 00:00:00,,,,31.75,
2008-11-14 00:00:00,,,,33.4,
2008-11-13 00:00:00,,,,35.91,
2008-11-12 00:00:00,,,,31.26,
2008-11-11 00:00:00,,,,31.79,
2008-11-10 00:00:00,,,,33.64,
2008-11-07 00:00:00,,,,32.18,
2008-11-06 00:00:00,,,,31.42,
2008-11-05 00:00:00,,,,34.18,
2008-11-04 00:00:00,,,,35.86,
2008-11-03 00:00:00,,,,32.56,
2008-10-31 00:00:00,,,,32.73,
2008-10-30 00:00:00,,,,32.53,
2008-10-29 00:00:00,,,,32.83,
2008-10-28 00:00:00,,,,32.8,
2008-10-27 00:00:00,,,,30.08,
2008-10-24 00:00:00,,,,30.63,
2008-10-23 00:00:00,,,,32.61,
2008-10-22 00:00:00,,,,32.58,
2008-10-21 00:00:00,,,,34.45,
2008-10-20 00:00:00,,,,35.55,
2008-10-17 00:00:00,,,,34.04,
2008-10-16 00:00:00,,,,35.43,
2008-10-15 00:00:00,,,,32.87,
2008-10-14 00:00:00,,,,37.1,
2008-10-13 00:00:00,,,,38.52,
2008-10-10 00:00:00,,,,33.38,
2008-10-09 00:00:00,,,,34.0,
2008-10-08 00:00:00,,,,36.15,
2008-10-07 00:00:00,,,,35.96,
2008-10-06 00:00:00,,,,37.44,
2008-10-03 00:00:00,,,,38.2,
2008-10-02 00:00:00,,,,37.63,
2008-10-01 00:00:00,,,,39.19,
2008-09-30 00:00:00,253.0,36.9474,15.3021,40.79,6696.0
2008-09-29 00:00:00,,,,38.46,
2008-09-26 00:00:00,,,,41.32,
2008-09-25 00:00:00,,,,41.24,
2008-09-24 00:00:00,,,,40.34,
2008-09-23 00:00:00,,,,40.49,
2008-09-22 00:00:00,,,,42.51,
2008-09-19 00:00:00,,,,43.84,
2008-09-18 00:00:00,,,,43.09,
2008-09-17 00:00:00,,,,40.76,
2008-09-16 00:00:00,,,,42.61,
2008-09-15 00:00:00,,,,42.74,
2008-09-12 00:00:00,,,,44.2,
2008-09-11 00:00:00,,,,43.97,
2008-09-10 00:00:00,,,,43.61,
2008-09-09 00:00:00,,,,41.94,
2008-09-08 00:00:00,,,,44.63,
2008-09-05 00:00:00,,,,44.22,
2008-09-04 00:00:00,,,,44.46,
2008-09-03 00:00:00,,,,46.76,
2008-09-02 00:00:00,,,,46.82,
2008-08-29 00:00:00,,,,46.8,
2008-08-28 00:00:00,,,,47.56,
2008-08-27 00:00:00,,,,45.99,
2008-08-26 00:00:00,,,,46.1,
2008-08-25 00:00:00,,,,47.15,
2008-08-22 00:00:00,,,,48.4,
2008-08-21 00:00:00,,,,47.36,
2008-08-20 00:00:00,,,,47.13,
2008-08-19 00:00:00,,,,47.35,
2008-08-18 00:00:00,,,,48.68,
2008-08-15 00:00:00,,,,49.43,
2008-08-14 00:00:00,,,,48.81,
2008-08-13 00:00:00,,,,49.16,
2008-08-12 00:00:00,,,,49.15,
2008-08-11 00:00:00,,,,49.43,
2008-08-08 00:00:00,,,,49.03,
2008-08-07 00:00:00,,,,48.44,
2008-08-06 00:00:00,,,,49.0,
2008-08-05 00:00:00,,,,47.64,
2008-08-04 00:00:00,,,,47.83,
2008-08-01 00:00:00,,,,48.41,
2008-07-31 00:00:00,,,,48.7,
2008-07-30 00:00:00,,,,50.94,
2008-07-29 00:00:00,,,,50.2,
2008-07-28 00:00:00,,,,48.96,
2008-07-25 00:00:00,,,,49.83,
2008-07-24 00:00:00,,,,49.42,
2008-07-23 00:00:00,,,,50.2,
2008-07-22 00:00:00,,,,50.56,
2008-07-21 00:00:00,,,,50.6,
2008-07-18 00:00:00,,,,50.5,
2008-07-17 00:00:00,,,,50.61,
2008-07-16 00:00:00,,,,48.92,
2008-07-15 00:00:00,,,,48.42,
2008-07-14 00:00:00,,,,49.85,
2008-07-11 00:00:00,,,,49.34,
2008-07-10 00:00:00,,,,49.78,
2008-07-09 00:00:00,,,,49.07,
2008-07-08 00:00:00,,,,49.46,
2008-07-07 00:00:00,,,,49.01,
2008-07-03 00:00:00,,,,48.73,
2008-07-02 00:00:00,,,,48.14,
2008-07-01 00:00:00,,,,49.96,
2008-06-30 00:00:00,155.0,36.7387,16.1569,49.45,6568.0
2008-06-27 00:00:00,,,,48.17,
2008-06-26 00:00:00,,,,48.93,
2008-06-25 00:00:00,,,,51.08,
2008-06-24 00:00:00,,,,50.97,
2008-06-23 00:00:00,,,,53.63,
2008-06-20 00:00:00,,,,53.91,
2008-06-19 00:00:00,,,,54.51,
2008-06-18 00:00:00,,,,54.09,
2008-06-17 00:00:00,,,,55.3,
2008-06-16 00:00:00,,,,56.03,
2008-06-13 00:00:00,,,,55.92,
2008-06-12 00:00:00,,,,54.08,
2008-06-11 00:00:00,,,,54.66,
2008-06-10 00:00:00,,,,56.23,
2008-06-09 00:00:00,,,,56.26,
2008-06-06 00:00:00,,,,55.93,
2008-06-05 00:00:00,,,,58.2,
2008-06-04 00:00:00,,,,57.19,
2008-06-03 00:00:00,,,,57.15,
2008-06-02 00:00:00,,,,57.51,
2008-05-30 00:00:00,,,,58.18,
2008-05-29 00:00:00,,,,57.52,
2008-05-28 00:00:00,,,,57.93,
2008-05-27 00:00:00,,,,56.77,
2008-05-23 00:00:00,,,,56.08,
2008-05-22 00:00:00,,,,56.66,
2008-05-21 00:00:00,,,,56.94,
2008-05-20 00:00:00,,,,57.24,
2008-05-19 00:00:00,,,,57.7,
2008-05-16 00:00:00,,,,57.41,
2008-05-15 00:00:00,,,,57.16,
2008-05-14 00:00:00,,,,56.73,
2008-05-13 00:00:00,,,,56.37,
2008-05-12 00:00:00,,,,56.2,
2008-05-09 00:00:00,,,,54.18,
2008-05-08 00:00:00,,,,54.67,
2008-05-07 00:00:00,,,,54.85,
2008-05-06 00:00:00,,,,56.06,
2008-05-05 00:00:00,,,,53.42,
2008-05-02 00:00:00,,,,53.77,
2008-05-01 00:00:00,,,,53.27,
2008-04-30 00:00:00,,,,52.26,
2008-04-29 00:00:00,,,,53.11,
2008-04-28 00:00:00,,,,53.1,
2008-04-25 00:00:00,,,,53.74,
2008-04-24 00:00:00,,,,53.6,
2008-04-23 00:00:00,,,,53.26,
2008-04-22 00:00:00,,,,52.85,
2008-04-21 00:00:00,,,,52.86,
2008-04-18 00:00:00,,,,53.2,
2008-04-17 00:00:00,,,,52.39,
2008-04-16 00:00:00,,,,53.24,
2008-04-15 00:00:00,,,,51.33,
2008-04-14 00:00:00,,,,50.36,
2008-04-11 00:00:00,,,,50.19,
2008-04-10 00:00:00,,,,51.56,
2008-04-09 00:00:00,,,,51.83,
2008-04-08 00:00:00,,,,52.1,
2008-04-07 00:00:00,,,,53.39,
2008-04-04 00:00:00,,,,53.83,
2008-04-03 00:00:00,,,,53.41,
2008-04-02 00:00:00,,,,53.62,
2008-04-01 00:00:00,,,,53.47,
2008-03-31 00:00:00,179.0,37.224,16.0234,51.46,6023.0
2008-03-28 00:00:00,,,,51.18,
2008-03-27 00:00:00,,,,51.17,
2008-03-26 00:00:00,,,,51.55,
2008-03-25 00:00:00,,,,51.9,
2008-03-24 00:00:00,,,,50.74,
2008-03-20 00:00:00,,,,49.07,
2008-03-19 00:00:00,,,,48.52,
2008-03-18 00:00:00,,,,49.75,
2008-03-17 00:00:00,,,,48.66,
2008-03-14 00:00:00,,,,48.64,
2008-03-13 00:00:00,,,,49.86,
2008-03-12 00:00:00,,,,50.16,
2008-03-11 00:00:00,,,,50.22,
2008-03-10 00:00:00,,,,48.29,
2008-03-07 00:00:00,,,,49.46,
2008-03-06 00:00:00,,,,50.69,
2008-03-05 00:00:00,,,,51.48,
2008-03-04 00:00:00,,,,51.08,
2008-03-03 00:00:00,,,,52.02,
2008-02-29 00:00:00,,,,50.96,
2008-02-28 00:00:00,,,,52.89,
2008-02-27 00:00:00,,,,53.33,
2008-02-26 00:00:00,,,,53.41,
2008-02-25 00:00:00,,,,52.17,
2008-02-22 00:00:00,,,,51.81,
2008-02-21 00:00:00,,,,51.71,
2008-02-20 00:00:00,,,,52.67,
2008-02-19 00:00:00,,,,52.52,
2008-02-15 00:00:00,,,,52.26,
2008-02-14 00:00:00,,,,52.46,
2008-02-13 00:00:00,,,,53.03,
2008-02-12 00:00:00,,,,51.49,
2008-02-11 00:00:00,,,,51.37,
2008-02-08 00:00:00,,,,50.84,
2008-02-07 00:00:00,,,,50.21,
2008-02-06 00:00:00,,,,49.9,
2008-02-05 00:00:00,,,,50.69,
2008-02-04 00:00:00,,,,52.99,
2008-02-01 00:00:00,,,,52.22,
2008-01-31 00:00:00,,,,50.78,
2008-01-30 00:00:00,,,,51.15,
2008-01-29 00:00:00,,,,51.77,
2008-01-28 00:00:00,,,,51.61,
2008-01-25 00:00:00,,,,51.52,
2008-01-24 00:00:00,,,,51.23,
2008-01-23 00:00:00,,,,50.53,
2008-01-22 00:00:00,,,,50.2,
2008-01-18 00:00:00,,,,49.19,
2008-01-17 00:00:00,,,,47.88,
2008-01-16 00:00:00,,,,49.08,
2008-01-15 00:00:00,,,,49.94,
2008-01-14 00:00:00,,,,51.58,
2008-01-11 00:00:00,,,,51.39,
2008-01-10 00:00:00,,,,52.94,
2008-01-09 00:00:00,,,,53.09,
2008-01-08 00:00:00,,,,53.21,
2008-01-07 00:00:00,,,,53.75,
2008-01-04 00:00:00,,,,53.85,
2008-01-03 00:00:00,,,,55.83,
2008-01-02 00:00:00,,,,55.17,
2007-12-31 00:00:00,127.0,36.413,15.7867,56.66,5520.0
2007-12-28 00:00:00,,,,57.03,
2007-12-27 00:00:00,,,,56.92,
2007-12-26 00:00:00,,,,57.89,
2007-12-24 00:00:00,,,,57.45,
2007-12-21 00:00:00,,,,55.83,
2007-12-20 00:00:00,,,,55.4,
2007-12-19 00:00:00,,,,55.2,
2007-12-18 00:00:00,,,,55.39,
2007-12-17 00:00:00,,,,54.48,
2007-12-14 00:00:00,,,,56.21,
2007-12-13 00:00:00,,,,56.96,
2007-12-12 00:00:00,,,,56.2,
2007-12-11 00:00:00,,,,56.25,
2007-12-10 00:00:00,,,,58.29,
2007-12-07 00:00:00,,,,58.32,
2007-12-06 00:00:00,,,,58.02,
2007-12-05 00:00:00,,,,57.64,
2007-12-04 00:00:00,,,,57.93,
2007-12-03 00:00:00,,,,57.43,
2007-11-30 00:00:00,,,,57.02,
2007-11-29 00:00:00,,,,56.49,
2007-11-28 00:00:00,,,,56.49,
2007-11-27 00:00:00,,,,54.19,
2007-11-26 00:00:00,,,,53.73,
2007-11-23 00:00:00,,,,54.68,
2007-11-21 00:00:00,,,,53.38,
2007-11-20 00:00:00,,,,54.5,
2007-11-19 00:00:00,,,,53.76,
2007-11-16 00:00:00,,,,54.97,
2007-11-15 00:00:00,,,,55.03,
2007-11-14 00:00:00,,,,55.58,
2007-11-13 00:00:00,,,,55.6,
2007-11-12 00:00:00,,,,54.18,
2007-11-09 00:00:00,,,,54.79,
2007-11-08 00:00:00,,,,55.38,
2007-11-07 00:00:00,,,,54.98,
2007-11-06 00:00:00,,,,54.28,
2007-11-05 00:00:00,,,,51.53,
2007-11-02 00:00:00,,,,51.83,
2007-11-01 00:00:00,,,,51.34,
2007-10-31 00:00:00,,,,52.27,
2007-10-30 00:00:00,,,,50.89,
2007-10-29 00:00:00,,,,51.53,
2007-10-26 00:00:00,,,,51.4,
2007-10-25 00:00:00,,,,51.07,
2007-10-24 00:00:00,,,,50.99,
2007-10-23 00:00:00,,,,51.2,
2007-10-22 00:00:00,,,,50.97,
2007-10-19 00:00:00,,,,50.5,
2007-10-18 00:00:00,,,,53.61,
2007-10-17 00:00:00,,,,52.94,
2007-10-16 00:00:00,,,,52.66,
2007-10-15 00:00:00,,,,52.98,
2007-10-12 00:00:00,,,,53.09,
2007-10-11 00:00:00,,,,53.86,
2007-10-10 00:00:00,,,,54.57,
2007-10-09 00:00:00,,,,54.74,
2007-10-08 00:00:00,,,,54.24,
2007-10-05 00:00:00,,,,54.27,
2007-10-04 00:00:00,,,,53.37,
2007-10-03 00:00:00,,,,52.94,
2007-10-02 00:00:00,,,,53.42,
2007-10-01 00:00:00,,,,53.93,
2007-09-30 00:00:00,261.0,38.8723,15.5642,,5693.0
2007-09-28 00:00:00,,,,53.22,
2007-09-27 00:00:00,,,,53.37,
2007-09-26 00:00:00,,,,51.57,
2007-09-25 00:00:00,,,,51.02,
2007-09-24 00:00:00,,,,50.25,
2007-09-21 00:00:00,,,,50.2,
2007-09-20 00:00:00,,,,50.36,
2007-09-19 00:00:00,,,,50.97,
2007-09-18 00:00:00,,,,50.19,
2007-09-17 00:00:00,,,,48.17,
2007-09-14 00:00:00,,,,48.66,
2007-09-13 00:00:00,,,,48.11,
2007-09-12 00:00:00,,,,47.9,
2007-09-11 00:00:00,,,,47.9,
2007-09-10 00:00:00,,,,47.65,
2007-09-07 00:00:00,,,,47.38,
2007-09-06 00:00:00,,,,48.65,
2007-09-05 00:00:00,,,,48.84,
2007-09-04 00:00:00,,,,49.57,
2007-08-31 00:00:00,,,,49.23,
2007-08-30 00:00:00,,,,47.96,
2007-08-29 00:00:00,,,,48.25,
2007-08-28 00:00:00,,,,46.9,
2007-08-27 00:00:00,,,,47.44,
2007-08-24 00:00:00,,,,47.78,
2007-08-23 00:00:00,,,,46.23,
2007-08-22 00:00:00,,,,46.96,
2007-08-21 00:00:00,,,,45.98,
2007-08-20 00:00:00,,,,47.13,
2007-08-17 00:00:00,,,,46.31,
2007-08-16 00:00:00,,,,45.42,
2007-08-15 00:00:00,,,,45.88,
2007-08-14 00:00:00,,,,46.99,
2007-08-13 00:00:00,,,,48.11,
2007-08-10 00:00:00,,,,47.09,
2007-08-09 00:00:00,,,,45.82,
2007-08-08 00:00:00,,,,48.57,
2007-08-07 00:00:00,,,,48.42,
2007-08-06 00:00:00,,,,48.11,
2007-08-03 00:00:00,,,,46.57,
2007-08-02 00:00:00,,,,47.64,
2007-08-01 00:00:00,,,,47.88,
2007-07-31 00:00:00,,,,47.07,
2007-07-30 00:00:00,,,,47.88,
2007-07-27 00:00:00,,,,47.17,
2007-07-26 00:00:00,,,,48.25,
2007-07-25 00:00:00,,,,49.11,
2007-07-24 00:00:00,,,,49.17,
2007-07-23 00:00:00,,,,50.23,
2007-07-20 00:00:00,,,,49.94,
2007-07-19 00:00:00,,,,50.7,
2007-07-18 00:00:00,,,,50.07,
2007-07-17 00:00:00,,,,50.49,
2007-07-16 00:00:00,,,,50.22,
2007-07-13 00:00:00,,,,49.81,
2007-07-12 00:00:00,,,,49.41,
2007-07-11 00:00:00,,,,48.35,
2007-07-10 00:00:00,,,,47.59,
2007-07-09 00:00:00,,,,48.52,
2007-07-06 00:00:00,,,,48.07,
2007-07-05 00:00:00,,,,47.67,
2007-07-03 00:00:00,,,,47.81,
2007-07-02 00:00:00,,,,47.47,
2007-06-30 00:00:00,144.0,35.8359,15.362,,5874.0
2007-06-29 00:00:00,,,,46.8,
2007-06-28 00:00:00,,,,47.33,
2007-06-27 00:00:00,,,,47.28,
2007-06-26 00:00:00,,,,47.64,
2007-06-25 00:00:00,,,,47.61,
2007-06-22 00:00:00,,,,47.74,
2007-06-21 00:00:00,,,,48.1,
2007-06-20 00:00:00,,,,48.05,
2007-06-19 00:00:00,,,,49.11,
2007-06-18 00:00:00,,,,49.0,
2007-06-15 00:00:00,,,,48.7,
2007-06-14 00:00:00,,,,48.42,
2007-06-13 00:00:00,,,,48.21,
2007-06-12 00:00:00,,,,47.13,
2007-06-11 00:00:00,,,,47.9,
2007-06-08 00:00:00,,,,47.69,
2007-06-07 00:00:00,,,,47.04,
2007-06-06 00:00:00,,,,47.97,
2007-06-05 00:00:00,,,,48.36,
2007-06-04 00:00:00,,,,48.35,
2007-06-01 00:00:00,,,,48.8,
2007-05-31 00:00:00,,,,48.45,
2007-05-30 00:00:00,,,,47.95,
2007-05-29 00:00:00,,,,47.33,
2007-05-25 00:00:00,,,,47.27,
2007-05-24 00:00:00,,,,47.02,
2007-05-23 00:00:00,,,,47.16,
2007-05-22 00:00:00,,,,46.0,
2007-05-21 00:00:00,,,,46.17,
2007-05-18 00:00:00,,,,45.92,
2007-05-17 00:00:00,,,,45.83,
2007-05-16 00:00:00,,,,46.12,
2007-05-15 00:00:00,,,,45.77,
2007-05-14 00:00:00,,,,45.84,
2007-05-11 00:00:00,,,,46.15,
2007-05-10 00:00:00,,,,45.74,
2007-05-09 00:00:00,,,,46.59,
2007-05-08 00:00:00,,,,46.69,
2007-05-07 00:00:00,,,,46.75,
2007-05-04 00:00:00,,,,46.86,
2007-05-03 00:00:00,,,,46.67,
2007-05-02 00:00:00,,,,46.45,
2007-05-01 00:00:00,,,,46.09,
2007-04-30 00:00:00,,,,46.99,
2007-04-27 00:00:00,,,,47.88,
2007-04-26 00:00:00,,,,47.47,
2007-04-25 00:00:00,,,,45.45,
2007-04-24 00:00:00,,,,45.09,
2007-04-23 00:00:00,,,,45.0,
2007-04-20 00:00:00,,,,44.96,
2007-04-19 00:00:00,,,,44.45,
2007-04-18 00:00:00,,,,44.49,
2007-04-17 00:00:00,,,,44.37,
2007-04-16 00:00:00,,,,43.79,
2007-04-13 00:00:00,,,,43.22,
2007-04-12 00:00:00,,,,42.6,
2007-04-11 00:00:00,,,,41.85,
2007-04-10 00:00:00,,,,42.62,
2007-04-09 00:00:00,,,,42.72,
2007-04-05 00:00:00,,,,42.81,
2007-04-04 00:00:00,,,,42.71,
2007-04-03 00:00:00,,,,42.78,
2007-04-02 00:00:00,,,,43.09,
2007-03-31 00:00:00,155.0,35.9473,15.2558,,5394.0
2007-03-30 00:00:00,,,,43.09,
2007-03-29 00:00:00,,,,42.9,
2007-03-28 00:00:00,,,,42.66,
2007-03-27 00:00:00,,,,42.91,
2007-03-26 00:00:00,,,,43.47,
2007-03-23 00:00:00,,,,43.9,
2007-03-22 00:00:00,,,,43.85,
2007-03-21 00:00:00,,,,44.15,
2007-03-20 00:00:00,,,,43.06,
2007-03-19 00:00:00,,,,42.92,
2007-03-16 00:00:00,,,,42.23,
2007-03-15 00:00:00,,,,42.39,
2007-03-14 00:00:00,,,,42.59,
2007-03-13 00:00:00,,,,42.21,
2007-03-12 00:00:00,,,,43.48,
2007-03-09 00:00:00,,,,43.5,
2007-03-08 00:00:00,,,,42.95,
2007-03-07 00:00:00,,,,42.57,
2007-03-06 00:00:00,,,,42.62,
2007-03-05 00:00:00,,,,42.11,
2007-03-02 00:00:00,,,,42.54,
2007-03-01 00:00:00,,,,42.97,
2007-02-28 00:00:00,,,,43.05,
2007-02-27 00:00:00,,,,43.53,
2007-02-26 00:00:00,,,,45.1,
2007-02-23 00:00:00,,,,45.31,
2007-02-22 00:00:00,,,,45.28,
2007-02-21 00:00:00,,,,45.46,
2007-02-20 00:00:00,,,,45.49,
2007-02-16 00:00:00,,,,45.32,
2007-02-15 00:00:00,,,,45.55,
2007-02-14 00:00:00,,,,45.8,
2007-02-13 00:00:00,,,,44.63,
2007-02-12 00:00:00,,,,44.4,
2007-02-09 00:00:00,,,,44.31,
2007-02-08 00:00:00,,,,44.7,
2007-02-07 00:00:00,,,,44.78,
2007-02-06 00:00:00,,,,45.12,
2007-02-05 00:00:00,,,,45.54,
2007-02-02 00:00:00,,,,45.2,
2007-02-01 00:00:00,,,,45.53,
2007-01-31 00:00:00,,,,44.97,
2007-01-30 00:00:00,,,,44.15,
2007-01-29 00:00:00,,,,44.08,
2007-01-26 00:00:00,,,,43.84,
2007-01-25 00:00:00,,,,44.01,
2007-01-24 00:00:00,,,,44.56,
2007-01-23 00:00:00,,,,44.48,
2007-01-22 00:00:00,,,,44.13,
2007-01-19 00:00:00,,,,44.41,
2007-01-18 00:00:00,,,,44.56,
2007-01-17 00:00:00,,,,44.51,
2007-01-16 00:00:00,,,,44.23,
2007-01-12 00:00:00,,,,44.05,
2007-01-11 00:00:00,,,,43.79,
2007-01-10 00:00:00,,,,43.59,
2007-01-09 00:00:00,,,,43.92,
2007-01-08 00:00:00,,,,43.91,
2007-01-05 00:00:00,,,,43.48,
2007-01-04 00:00:00,,,,43.86,
2007-01-03 00:00:00,,,,43.86,
2006-12-31 00:00:00,121.0,35.5375,15.2444,,5051.0
2006-12-29 00:00:00,,,,44.09,
2006-12-28 00:00:00,,,,44.25,
2006-12-27 00:00:00,,,,44.51,
2006-12-26 00:00:00,,,,44.39,
2006-12-22 00:00:00,,,,44.04,
2006-12-21 00:00:00,,,,44.38,
2006-12-20 00:00:00,,,,44.25,
2006-12-19 00:00:00,,,,43.1,
2006-12-18 00:00:00,,,,42.47,
2006-12-15 00:00:00,,,,42.23,
2006-12-14 00:00:00,,,,43.0,
2006-12-13 00:00:00,,,,43.02,
2006-12-12 00:00:00,,,,42.98,
2006-12-11 00:00:00,,,,42.87,
2006-12-08 00:00:00,,,,43.055,
2006-12-07 00:00:00,,,,43.105,
2006-12-06 00:00:00,,,,43.14,
2006-12-05 00:00:00,,,,43.405,
2006-12-04 00:00:00,,,,42.56,
2006-12-01 00:00:00,,,,42.605,
2006-11-30 00:00:00,,,,43.35,
2006-11-29 00:00:00,,,,43.345,
2006-11-28 00:00:00,,,,43.01,
2006-11-27 00:00:00,,,,42.98,
2006-11-24 00:00:00,,,,44.5,
2006-11-22 00:00:00,,,,44.52,
2006-11-21 00:00:00,,,,44.41,
2006-11-20 00:00:00,,,,44.115,
2006-11-17 00:00:00,,,,44.075,
2006-11-16 00:00:00,,,,44.26,
2006-11-15 00:00:00,,,,43.995,
2006-11-14 00:00:00,,,,43.825,
2006-11-13 00:00:00,,,,44.035,
2006-11-10 00:00:00,,,,43.78,
2006-11-09 00:00:00,,,,43.605,
2006-11-08 00:00:00,,,,44.0,
2006-11-07 00:00:00,,,,43.715,
2006-11-06 00:00:00,,,,41.28,
2006-11-03 00:00:00,,,,41.105,
2006-11-02 00:00:00,,,,41.48,
2006-11-01 00:00:00,,,,41.79,
2006-10-31 00:00:00,,,,42.2,
2006-10-30 00:00:00,,,,42.11,
2006-10-27 00:00:00,,,,42.08,
2006-10-26 00:00:00,,,,42.765,
2006-10-25 00:00:00,,,,42.57,
2006-10-24 00:00:00,,,,42.36,
2006-10-23 00:00:00,,,,42.395,
2006-10-20 00:00:00,,,,42.195,
2006-10-19 00:00:00,,,,42.9,
2006-10-18 00:00:00,,,,42.595,
2006-10-17 00:00:00,,,,42.92,
2006-10-16 00:00:00,,,,42.995,
2006-10-13 00:00:00,,,,42.425,
2006-10-12 00:00:00,,,,42.52,
2006-10-11 00:00:00,,,,41.9,
2006-10-10 00:00:00,,,,42.225,
2006-10-09 00:00:00,,,,42.53,
2006-10-06 00:00:00,,,,42.385,
2006-10-05 00:00:00,,,,42.415,
2006-10-04 00:00:00,,,,42.385,
2006-10-03 00:00:00,,,,42.015,
2006-10-02 00:00:00,,,,41.89,
2006-09-30 00:00:00,247.0,38.0301,15.3289,,5117.0
2006-09-29 00:00:00,,,,41.93,
2006-09-28 00:00:00,,,,42.02,
2006-09-27 00:00:00,,,,41.515,
2006-09-26 00:00:00,,,,40.755,
2006-09-25 00:00:00,,,,40.375,
2006-09-22 00:00:00,,,,40.075,
2006-09-21 00:00:00,,,,40.225,
2006-09-20 00:00:00,,,,40.66,
2006-09-19 00:00:00,,,,41.045,
2006-09-18 00:00:00,,,,41.325,
2006-09-15 00:00:00,,,,41.34,
2006-09-14 00:00:00,,,,41.03,
2006-09-13 00:00:00,,,,41.51,
2006-09-12 00:00:00,,,,40.55,
2006-09-11 00:00:00,,,,40.48,
2006-09-08 00:00:00,,,,40.585,
2006-09-07 00:00:00,,,,40.9,
2006-09-06 00:00:00,,,,41.0,
2006-09-05 00:00:00,,,,41.7,
2006-09-01 00:00:00,,,,41.345,
2006-08-31 00:00:00,,,,41.075,
2006-08-30 00:00:00,,,,40.82,
2006-08-29 00:00:00,,,,40.98,
2006-08-28 00:00:00,,,,40.88,
2006-08-25 00:00:00,,,,40.15,
2006-08-24 00:00:00,,,,40.525,
2006-08-23 00:00:00,,,,40.705,
2006-08-22 00:00:00,,,,40.57,
2006-08-21 00:00:00,,,,40.755,
2006-08-18 00:00:00,,,,41.05,
2006-08-17 00:00:00,,,,41.05,
2006-08-16 00:00:00,,,,41.22,
2006-08-15 00:00:00,,,,40.35,
2006-08-14 00:00:00,,,,39.75,
2006-08-11 00:00:00,,,,39.685,
2006-08-10 00:00:00,,,,39.505,
2006-08-09 00:00:00,,,,39.095,
2006-08-08 00:00:00,,,,39.695,
2006-08-07 00:00:00,,,,40.385,
2006-08-04 00:00:00,,,,40.315,
2006-08-03 00:00:00,,,,40.37,
2006-08-02 00:00:00,,,,39.74,
2006-08-01 00:00:00,,,,39.75,
2006-07-31 00:00:00,,,,39.46,
2006-07-28 00:00:00,,,,38.69,
2006-07-27 00:00:00,,,,38.505,
2006-07-26 00:00:00,,,,38.555,
2006-07-25 00:00:00,,,,38.635,
2006-07-24 00:00:00,,,,38.325,
2006-07-21 00:00:00,,,,38.075,
2006-07-20 00:00:00,,,,39.215,
2006-07-19 00:00:00,,,,40.285,
2006-07-18 00:00:00,,,,39.01,
2006-07-17 00:00:00,,,,38.97,
2006-07-14 00:00:00,,,,39.5,
2006-07-13 00:00:00,,,,39.955,
2006-07-12 00:00:00,,,,41.19,
2006-07-11 00:00:00,,,,40.92,
2006-07-10 00:00:00,,,,41.085,
2006-07-07 00:00:00,,,,40.91,
2006-07-06 00:00:00,,,,41.79,
2006-07-05 00:00:00,,,,41.415,
2006-07-03 00:00:00,,,,42.03,
2006-06-30 00:00:00,140.0,35.576,15.1454,41.905,5217.0
2006-06-29 00:00:00,,,,41.985,
2006-06-28 00:00:00,,,,40.85,
2006-06-27 00:00:00,,,,40.97,
2006-06-26 00:00:00,,,,41.2,
2006-06-23 00:00:00,,,,41.1,
2006-06-22 00:00:00,,,,40.655,
2006-06-21 00:00:00,,,,40.45,
2006-06-20 00:00:00,,,,40.255,
2006-06-19 00:00:00,,,,40.505,
2006-06-16 00:00:00,,,,40.925,
2006-06-15 00:00:00,,,,41.22,
2006-06-14 00:00:00,,,,40.655,
2006-06-13 00:00:00,,,,39.75,
2006-06-12 00:00:00,,,,39.495,
2006-06-09 00:00:00,,,,40.075,
2006-06-08 00:00:00,,,,39.31,
2006-06-07 00:00:00,,,,39.94,
2006-06-06 00:00:00,,,,40.315,
2006-06-05 00:00:00,,,,40.365,
2006-06-02 00:00:00,,,,41.405,
2006-06-01 00:00:00,,,,41.735,
2006-05-31 00:00:00,,,,41.26,
2006-05-30 00:00:00,,,,40.445,
2006-05-26 00:00:00,,,,41.27,
2006-05-25 00:00:00,,,,40.4,
2006-05-24 00:00:00,,,,40.275,
2006-05-23 00:00:00,,,,39.99,
2006-05-22 00:00:00,,,,39.77,
2006-05-19 00:00:00,,,,39.975,
2006-05-18 00:00:00,,,,40.295,
2006-05-17 00:00:00,,,,41.34,
2006-05-16 00:00:00,,,,42.36,
2006-05-15 00:00:00,,,,42.535,
2006-05-12 00:00:00,,,,42.515,
2006-05-11 00:00:00,,,,43.07,
2006-05-10 00:00:00,,,,43.355,
2006-05-09 00:00:00,,,,43.69,
2006-05-08 00:00:00,,,,43.535,
2006-05-05 00:00:00,,,,43.735,
2006-05-04 00:00:00,,,,43.345,
2006-05-03 00:00:00,,,,43.29,
2006-05-02 00:00:00,,,,43.265,
2006-05-01 00:00:00,,,,42.71,
2006-04-28 00:00:00,,,,42.475,
2006-04-27 00:00:00,,,,42.345,
2006-04-26 00:00:00,,,,42.565,
2006-04-25 00:00:00,,,,42.495,
2006-04-24 00:00:00,,,,42.955,
2006-04-21 00:00:00,,,,43.14,
2006-04-20 00:00:00,,,,42.825,
2006-04-19 00:00:00,,,,42.565,
2006-04-18 00:00:00,,,,41.68,
2006-04-17 00:00:00,,,,40.475,
2006-04-13 00:00:00,,,,40.64,
2006-04-12 00:00:00,,,,40.67,
2006-04-11 00:00:00,,,,40.57,
2006-04-10 00:00:00,,,,40.63,
2006-04-07 00:00:00,,,,40.805,
2006-04-06 00:00:00,,,,41.4,
2006-04-05 00:00:00,,,,41.455,
2006-04-04 00:00:00,,,,41.57,
2006-04-03 00:00:00,,,,41.8,
2006-03-31 00:00:00,113.0,35.7378,15.107,41.815,4852.0
2006-03-30 00:00:00,,,,41.945,
2006-03-29 00:00:00,,,,42.56,
2006-03-28 00:00:00,,,,42.55,
2006-03-27 00:00:00,,,,42.285,
2006-03-24 00:00:00,,,,42.655,
2006-03-23 00:00:00,,,,42.365,
2006-03-22 00:00:00,,,,42.78,
2006-03-21 00:00:00,,,,42.39,
2006-03-20 00:00:00,,,,42.82,
2006-03-17 00:00:00,,,,42.835,
2006-03-16 00:00:00,,,,42.54,
2006-03-15 00:00:00,,,,42.655,
2006-03-14 00:00:00,,,,42.71,
2006-03-13 00:00:00,,,,42.205,
2006-03-10 00:00:00,,,,42.25,
2006-03-09 00:00:00,,,,41.905,
2006-03-08 00:00:00,,,,41.56,
2006-03-07 00:00:00,,,,41.8,
2006-03-06 00:00:00,,,,41.425,
2006-03-03 00:00:00,,,,41.715,
2006-03-02 00:00:00,,,,41.695,
2006-03-01 00:00:00,,,,42.03,
2006-02-28 00:00:00,,,,40.905,
2006-02-27 00:00:00,,,,41.64,
2006-02-24 00:00:00,,,,41.4,
2006-02-23 00:00:00,,,,41.58,
2006-02-22 00:00:00,,,,41.715,
2006-02-21 00:00:00,,,,40.975,
2006-02-17 00:00:00,,,,40.95,
